Gene_Variant,Weight
rs429358_C,0.8077658615764267
rs7912495_G,0.10031147879148668
rs139136389_T,0.09308647049176673
rs73039641_A,-0.09180280935914029
rs13125151_T,-0.08496060275670791
rs2927438_A,-0.0835194812749034
rs11129169_A,0.07639358783696815
rs76981546_C,-0.0762739351888276
rs10916884_A,-0.07517608196928485
rs10964947_A,0.07513553164421735
rs7821500_G,0.07398606327135623
rs1039289_A,0.06839979368474634
rs4355646_T,0.06261024834923452
rs72924659_T,-0.059491500835268496
rs10490031_T,0.05925230724401656
rs147119911_G,0.05923451746855379
rs8056564_T,-0.05857793068886022
rs28751960_T,-0.05749635392822616
rs7737911_C,0.05460017280742041
rs9268387_G,0.05406352813168659
rs602457_C,-0.05274085810898192
rs77911607_T,0.04908941650531064
rs4803792_A,0.04795785735262749
rs138285492_T,-0.047799257128439424
rs12610941_C,0.04325687949291539
rs3754617_C,0.04315448511050746
rs62206364_A,0.04198222322678008
rs78197428_G,0.04181004019266808
rs79237360_T,0.0417948354507402
rs78709419_T,-0.04144673323330139
rs139997344_T,-0.041218831517958396
rs9268045_T,0.04117823693427246
rs141278796_A,-0.040970833999523476
rs147910350_T,0.04067527117463991
rs2348378_A,-0.04020206699290019
rs72792821_A,0.03984221777601371
rs10510110_C,-0.03975576729979899
rs896846_G,-0.039510472792699466
rs6014724_G,-0.03934470788227956
rs55906136_A,0.038569381212748194
rs147924246_T,-0.03782674628662053
rs13200221_A,-0.03761078268301725
rs9268307_C,0.036918315805544624
rs56281054_T,0.0365407981088966
rs12590429_A,0.0363480878482859
rs3783448_C,0.03609836161909566
rs75627874_G,0.03577925247748133
rs9268838_A,-0.034634635220448615
rs62119263_C,0.03250588363926399
rs12460985_C,-0.032292123198407685
rs12135627_A,-0.03174424997973019
rs114448690_A,-0.03169829820806418
rs1761464_T,-0.03096487932671394
rs11257238_C,0.03070527374509225
rs144867634_C,-0.02970341839956649
rs4844600_A,0.029612238048994714
rs4239865_A,-0.029455901978549467
rs74635631_A,-0.028865347559095065
rs7427078_T,0.028580149155364703
rs72835074_G,-0.025985517298028327
rs11039138_A,0.025895092886621805
rs62120575_G,-0.023949671414772247
rs1623264_G,-0.02339002955927673
rs2005763_A,-0.023094026450299628
rs9318683_A,0.023084574394646958
rs73155985_T,0.022936931070074055
rs17628118_G,0.022934578454132614
rs59175670_G,0.021338420823426484
rs7254892_A,-0.021310693430699707
rs79444105_T,0.02130070556754286
rs3829409_A,0.02038266166321281
rs11853076_T,-0.01937541147128695
rs12609547_T,0.019348679849450417
rs3740688_G,-0.01845555145142801
rs7154400_G,0.018301700054826925
rs112754919_T,-0.01774245133613506
rs7013346_A,-0.01774245133613506
rs77342107_T,-0.017728869461924278
rs10751134_G,-0.017723935292643506
rs76726049_C,0.017081844930794222
rs12590654_A,-0.017079829291233445
rs7211483_T,-0.016742931778073344
rs59240271_A,-0.01594585221967611
rs9268386_A,0.015301129993456106
rs9268834_A,-0.01461718527501541
rs9268835_A,-0.01461718527501541
rs6494045_C,-0.014064835611727607
rs41290108_C,-0.013778936333641457
rs2722355_A,-0.01361295458716088
rs111278137_A,0.013139130903060939
rs667897_G,-0.012463165899904304
rs617135_G,-0.012463165899904304
rs9268373_A,0.012000517208547714
rs2728484_T,-0.011748594102931274
rs7809394_T,-0.011670262483936825
rs2293579_A,0.011634890724333914
rs11039139_T,0.010947213811420678
rs2680971_G,-0.010643849282767702
rs2782562_C,-0.010643849282767702
rs12591587_T,0.010553357481302983
rs204480_T,-0.01042630547901783
rs10091679_A,-0.009930419455747314
rs72982446_T,0.009770935809954789
rs11673139_T,-0.009347944316013091
rs11669338_G,-0.009347944316013091
rs894189_A,0.008995706989411878
rs2965158_T,0.008890739527586969
rs157580_G,-0.008667189362845617
rs10799668_T,-0.008315541919565555
rs10916876_T,-0.008315541919565555
rs10753506_A,-0.008315541919565555
rs2376519_G,-0.008111059291734082
rs3908138_C,-0.007898430543500007
rs4680201_C,-0.007898430543500007
rs9814374_T,-0.007898430543500007
rs9847398_T,-0.007898430543500007
rs1589238_C,-0.007898430543500007
rs6767886_A,-0.007898430543500007
rs55942838_T,0.007333618913145949
rs846892_C,-0.0071960154769774515
rs147524064_T,0.007165425039479812
rs34445888_T,0.007165425039479812
rs75438792_A,-0.006600990271464574
rs34969551_A,-0.006578843831073887
rs7785898_A,-0.006484067017369935
rs1065853_T,-0.006445982887449641
rs236320_A,0.006351112897811873
rs4981971_G,-0.006338844154355701
rs10119_A,0.005756106831325926
rs114294368_T,0.005717719701709573
rs12617835_C,0.005694111576599477
rs12618593_C,0.005694111576599477
rs13025717_T,0.005694111576599477
rs7937794_T,-0.005440056805924502
rs4575595_A,0.004994217835059962
rs4325633_A,0.004994217835059962
rs2516006_C,-0.004348766886424567
rs9275205_C,-0.004348766886424567
rs6578608_C,-0.004021503489937417
rs2184396_G,0.00398108807995733
rs11580955_T,0.0035922983493079687
rs6710752_C,0.003474240571001421
rs3208856_T,-0.003325032658335066
rs113330691_A,-0.003325032658335066
rs6745120_A,-0.003257616677058768
rs77002349_G,-0.002924320629598027
rs554311_T,-0.0029082669840927696
rs614104_T,-0.0027257347061944823
rs836101_G,0.00237952340992071
rs836098_G,0.00237952340992071
rs836100_C,0.00237952340992071
rs1258614_A,0.00237952340992071
rs1258613_T,0.00237952340992071
rs836099_G,0.00237952340992071
rs1258611_T,0.00237952340992071
rs76400958_T,0.002337474079375535
rs62050277_G,-0.0019893092047309677
rs1315491_T,-0.001442577809406062
rs9275325_T,-0.0011728555987678383
rs9275400_G,-0.0011728555987678383
rs9275324_T,-0.0011728555987678383
rs9275334_C,-0.0011728555987678383
rs9275394_C,-0.0011728555987678383
rs9275356_G,-0.0011728555987678383
rs9275315_A,-0.0011728555987678383
rs9275387_C,-0.0011728555987678383
rs9275308_A,-0.0011728555987678383
rs9275314_A,-0.0011728555987678383
rs9275313_T,-0.0011728555987678383
rs9275311_T,-0.0011728555987678383
rs9275395_G,-0.0011728555987678383
rs9275530_C,-0.0011728555987678383
rs9275532_G,-0.0011728555987678383
rs9275223_A,-0.0011728555987678383
rs9275541_G,-0.0011728555987678383
rs9275221_C,-0.0011728555987678383
rs4273728_C,-0.0011728555987678383
rs9275213_C,-0.0011728555987678383
rs9275583_A,-0.0011728555987678383
rs9275503_G,-0.0011728555987678383
rs3957146_C,-0.0011728555987678383
rs9275207_G,-0.0011728555987678383
rs9275184_C,-0.0011728555987678383
rs9275167_G,-0.0011728555987678383
rs9275098_T,-0.0011728555987678383
rs9275097_G,-0.0011728555987678383
rs9275095_G,-0.0011728555987678383
rs9275092_T,-0.0011728555987678383
rs9275592_T,-0.0011728555987678383
rs9275326_T,-0.0011728555987678383
rs9275300_G,-0.0011728555987678383
rs9275422_A,-0.0011728555987678383
rs9275426_C,-0.0011728555987678383
rs9275429_A,-0.0011728555987678383
rs9275430_T,-0.0011728555987678383
rs9275434_T,-0.0011728555987678383
rs9275435_C,-0.0011728555987678383
rs9275437_T,-0.0011728555987678383
rs9275296_C,-0.0011728555987678383
rs9275442_A,-0.0011728555987678383
rs9275293_C,-0.0011728555987678383
rs9275476_C,-0.0011728555987678383
rs9275477_C,-0.0011728555987678383
rs9275275_A,-0.0011728555987678383
rs9275307_T,-0.0011728555987678383
rs9275495_T,-0.0011728555987678383
rs56173013_T,0.0011447135561008116
rs139573016_T,0.0010865398375246853
rs73048635_C,0.000797353835717962
rs76170615_T,-0.0006406012291335477
rs9270911_C,0.00033802165804429986
rs493692_G,-0.00021139961757351918
rs3109898_C,0.0
rs2414063_G,0.0
rs12916751_T,0.0
rs12592161_C,0.0
rs77162419_A,0.0
rs78099598_G,0.0
rs4775101_C,0.0
rs77535249_A,0.0
rs12708456_T,0.0
rs12910731_G,0.0
rs12148858_C,0.0
rs3145_G,0.0
rs10162821_G,0.0
rs4774315_G,0.0
rs17645935_C,0.0
rs11857223_C,0.0
rs75888123_A,0.0
rs77622115_C,0.0
rs2270664_G,0.0
rs1542958_A,0.0
rs3131568_T,0.0
rs8038504_A,0.0
rs11637118_G,0.0
rs113572824_A,0.0
rs112075474_T,0.0
rs3131566_C,0.0
rs16940921_G,0.0
rs11855499_T,0.0
rs78448358_C,0.0
rs11071400_T,0.0
rs16940919_G,0.0
rs3098199_A,0.0
rs76228094_A,0.0
rs3109897_C,0.0
rs73414818_C,0.0
rs113352850_G,0.0
rs11856771_T,0.0
rs11855779_G,0.0
rs11633839_G,0.0
rs12909894_C,0.0
rs3131560_C,0.0
rs12437783_A,0.0
rs1054991_G,0.0
rs116522636_C,0.0
rs115891724_C,0.0
rs793571_G,0.0
rs4774312_A,0.0
rs4775097_C,0.0
rs11631799_G,0.0
rs11071398_G,0.0
rs3131567_T,0.0
rs4775094_G,0.0
rs618684_G,0.0
rs72740493_T,0.0
rs446126_G,0.0
rs11629739_T,0.0
rs78789557_G,0.0
rs7175955_C,0.0
rs452698_G,0.0
rs11634452_G,0.0
rs610877_A,0.0
rs11629654_T,0.0
rs2124203_A,0.0
rs77145198_G,0.0
rs7179456_G,0.0
rs67851431_T,0.0
rs71407077_G,0.0
rs79927104_G,0.0
rs12592778_A,0.0
rs8025980_G,0.0
rs964285_A,0.0
rs12442197_C,0.0
rs1053420_A,0.0
rs12901551_A,0.0
rs145032242_T,0.0
rs11630265_C,0.0
rs72745053_G,0.0
rs7162694_G,0.0
rs12437803_A,0.0
rs11632231_G,0.0
rs12437770_A,0.0
rs11632138_C,0.0
rs632811_G,0.0
rs7179399_T,0.0
rs16946690_A,0.0
rs16960541_T,0.0
rs28369547_T,0.0
rs11853804_C,0.0
rs62012880_A,0.0
rs11858666_G,0.0
rs72747098_G,0.0
rs13313493_C,0.0
rs16960543_T,0.0
rs8037673_A,0.0
rs11855609_C,0.0
rs12593078_A,0.0
rs8032533_A,0.0
rs7175974_G,0.0
rs142774092_T,0.0
rs2652818_C,0.0
rs2588862_A,0.0
rs12595312_T,0.0
rs2729791_G,0.0
rs2729793_T,0.0
rs55976323_A,0.0
rs11071739_T,0.0
rs959125_G,0.0
rs58698989_T,0.0
rs75763893_T,0.0
rs55729424_T,0.0
rs8023653_T,0.0
rs2088962_A,0.0
rs12591780_G,0.0
rs7170409_T,0.0
rs4984257_C,0.0
rs57622260_A,0.0
rs1017545_T,0.0
rs3784673_C,0.0
rs8023538_T,0.0
rs12439988_A,0.0
rs10152434_C,0.0
rs112196574_A,0.0
rs12591282_G,0.0
rs9672258_C,0.0
rs16946692_G,0.0
rs8024631_T,0.0
rs12441437_C,0.0
rs75295459_G,0.0
rs16953404_A,0.0
rs111679740_A,0.0
rs6416469_G,0.0
rs139682300_T,0.0
rs113609270_T,0.0
rs3098168_C,0.0
rs75209609_A,0.0
rs3985721_C,0.0
rs2652817_A,0.0
rs28404842_A,0.0
rs3098169_A,0.0
rs16940923_C,0.0
rs10162914_T,0.0
rs11855243_A,0.0
rs12916216_A,0.0
rs111827758_C,0.0
rs12905081_A,0.0
rs12905056_C,0.0
rs28537903_T,0.0
rs34105812_A,0.0
rs146074193_T,0.0
rs2062727_A,0.0
rs7182407_G,0.0
rs12593481_C,0.0
rs11071735_T,0.0
rs6494397_A,0.0
rs6494396_C,0.0
rs6494394_A,0.0
rs7163254_C,0.0
rs4774478_A,0.0
rs3098167_C,0.0
rs11071733_A,0.0
rs34367270_G,0.0
rs4774476_C,0.0
rs72745097_C,0.0
rs4774319_A,0.0
rs3131574_A,0.0
rs28642809_G,0.0
rs3098205_T,0.0
rs11854187_C,0.0
rs11856678_T,0.0
rs8468_C,0.0
rs12443283_C,0.0
rs12593469_T,0.0
rs7164954_C,0.0
rs8027998_G,0.0
rs12437552_A,0.0
rs7170939_T,0.0
rs7183504_C,0.0
rs10152686_A,0.0
rs12148175_T,0.0
rs2604454_A,0.0
rs12912003_T,0.0
rs12595393_T,0.0
rs11852701_C,0.0
rs12911832_T,0.0
rs12911961_T,0.0
rs4774310_G,0.0
rs7163162_A,0.0
rs7161889_C,0.0
rs7179724_C,0.0
rs55757828_C,0.0
rs11853043_C,0.0
rs447299_C,0.0
rs12915607_G,0.0
rs2555356_G,0.0
rs12917408_C,0.0
rs6494037_G,0.0
rs12902658_C,0.0
rs10400826_A,0.0
rs6494036_T,0.0
rs12438326_G,0.0
rs6494035_G,0.0
rs347117_T,0.0
rs80105115_C,0.0
rs8035452_C,0.0
rs3933541_A,0.0
rs12440570_T,0.0
rs2414606_T,0.0
rs7183456_G,0.0
rs7179540_C,0.0
rs77749101_C,0.0
rs56403110_A,0.0
rs28393946_A,0.0
rs2304440_T,0.0
rs28864995_G,0.0
rs35853021_T,0.0
rs78489903_G,0.0
rs2043085_T,0.0
rs6494029_C,0.0
rs972801_C,0.0
rs12912699_C,0.0
rs12592302_T,0.0
rs11636831_C,0.0
rs12439457_C,0.0
rs6494026_C,0.0
rs4775083_C,0.0
rs1532085_A,0.0
rs261299_A,0.0
rs11637365_A,0.0
rs415799_A,0.0
rs443401_G,0.0
rs12708454_C,0.0
rs723967_C,0.0
rs7168776_G,0.0
rs7171098_C,0.0
rs28391588_C,0.0
rs4775087_C,0.0
rs11854073_A,0.0
rs4775086_A,0.0
rs12906508_C,0.0
rs1834747_C,0.0
rs7183336_T,0.0
rs7176436_G,0.0
rs8032140_C,0.0
rs714696_G,0.0
rs2114573_C,0.0
rs7168211_G,0.0
rs7177678_G,0.0
rs3896609_A,0.0
rs1427281_C,0.0
rs12593998_C,0.0
rs55840738_T,0.0
rs12908474_T,0.0
rs11071377_T,0.0
rs2414577_C,0.0
rs2414578_C,0.0
rs12905525_G,0.0
rs12440841_T,0.0
rs1648532_C,0.0
rs8033478_G,0.0
rs688756_C,0.0
rs9744045_C,0.0
rs387812_C,0.0
rs17190727_A,0.0
rs7164053_A,0.0
rs7164844_C,0.0
rs12903915_C,0.0
rs12595082_T,0.0
rs10467994_C,0.0
rs60695341_T,0.0
rs8027091_G,0.0
rs4774311_T,0.0
rs379879_G,0.0
rs7178970_T,0.0
rs9646204_A,0.0
rs406699_A,0.0
rs7171198_C,0.0
rs12440864_G,0.0
rs682619_C,0.0
rs59685680_G,0.0
rs116905204_T,0.0
rs12899657_C,0.0
rs9788674_A,0.0
rs76523702_T,0.0
rs2002386_T,0.0
rs76658691_C,0.0
rs7183900_T,0.0
rs34546804_T,0.0
rs673813_T,0.0
rs139829371_A,0.0
rs78268932_C,0.0
rs2555357_G,0.0
rs474875_G,0.0
rs60155540_A,0.0
rs347115_T,0.0
rs8032980_C,0.0
rs28617688_C,0.0
rs421829_C,0.0
rs411007_C,0.0
rs2604453_C,0.0
rs605928_G,0.0
rs593742_G,0.0
rs514049_A,0.0
rs653765_C,0.0
rs11852241_C,0.0
rs655348_C,0.0
rs383902_T,0.0
rs7168275_G,0.0
rs12910371_A,0.0
rs8035635_C,0.0
rs394845_C,0.0
rs8023706_C,0.0
rs11855605_C,0.0
rs17646025_T,0.0
rs2414607_A,0.0
rs5022760_A,0.0
rs442495_C,0.0
rs2899461_G,0.0
rs12911578_T,0.0
rs28470808_T,0.0
rs7173286_A,0.0
rs17236243_A,0.0
rs9920753_A,0.0
rs7170538_A,0.0
rs11630503_T,0.0
rs395601_C,0.0
rs11858548_C,0.0
rs650366_G,0.0
rs12442145_A,0.0
rs602602_A,0.0
rs572107_C,0.0
rs12900658_A,0.0
rs585192_C,0.0
rs7170303_C,0.0
rs596379_C,0.0
rs11071396_C,0.0
rs28831840_A,0.0
rs5005217_C,0.0
rs694335_C,0.0
rs2250583_C,0.0
rs681711_C,0.0
rs640704_G,0.0
rs507801_G,0.0
rs7196161_G,0.0
rs9923231_T,0.0
rs2884737_C,0.0
rs9934438_A,0.0
rs8050894_G,0.0
rs2359612_A,0.0
rs7294_T,0.0
rs73530203_A,0.0
rs17839568_C,0.0
rs4468641_C,0.0
rs7199949_C,0.0
rs11864839_C,0.0
rs11865038_T,0.0
rs931759_C,0.0
rs7196726_A,0.0
rs3751855_C,0.0
rs35713203_C,0.0
rs749670_G,0.0
rs749671_A,0.0
rs2303222_C,0.0
rs6565217_A,0.0
rs7197717_C,0.0
rs11642192_C,0.0
rs9796794_G,0.0
rs28814987_T,0.0
rs881929_T,0.0
rs11647284_A,0.0
rs2303223_A,0.0
rs750952_T,0.0
rs78924645_A,0.0
rs1549299_G,0.0
rs2855475_G,0.0
rs12597511_T,0.0
rs1549293_T,0.0
rs9936329_T,0.0
rs889548_T,0.0
rs61320757_A,0.0
rs1060506_T,0.0
rs59735493_A,0.0
rs28725459_A,0.0
rs11865499_G,0.0
rs4527034_A,0.0
rs61162043_A,0.0
rs1978485_C,0.0
rs1978487_C,0.0
rs9925964_G,0.0
rs12716982_A,0.0
rs4889619_T,0.0
rs2884738_A,0.0
rs11647442_T,0.0
rs749767_G,0.0
rs889555_T,0.0
rs14235_A,0.0
rs12716981_A,0.0
rs55766044_T,0.0
rs2032915_T,0.0
rs56314408_T,0.0
rs4889620_A,0.0
rs35961830_C,0.0
rs4889526_A,0.0
rs4889609_G,0.0
rs34898535_T,0.0
rs12447930_A,0.0
rs72800847_A,0.0
rs7184567_T,0.0
rs7203999_T,0.0
rs729482_C,0.0
rs9926533_T,0.0
rs12716979_G,0.0
rs4889606_G,0.0
rs2199036_T,0.0
rs56813533_T,0.0
rs12445568_C,0.0
rs9938550_A,0.0
rs4889525_T,0.0
rs4889603_G,0.0
rs12716978_C,0.0
rs897986_T,0.0
rs11640961_T,0.0
rs11150601_G,0.0
rs2305884_G,0.0
rs62055866_G,0.0
rs4889599_C,0.0
rs1458202_G,0.0
rs13336347_G,0.0
rs7206511_G,0.0
rs34454770_C,0.0
rs35351013_A,0.0
rs8061047_C,0.0
rs11642303_A,0.0
rs11642003_A,0.0
rs57434408_A,0.0
rs4889530_A,0.0
rs9929899_A,0.0
rs11640767_A,0.0
rs11640957_T,0.0
rs17839567_G,0.0
rs11862744_A,0.0
rs35468353_G,0.0
rs1108431_T,0.0
rs2288004_C,0.0
rs57576577_A,0.0
rs732172_T,0.0
rs732173_A,0.0
rs55979739_G,0.0
rs12448321_T,0.0
rs10871454_T,0.0
rs8056842_C,0.0
rs12445650_A,0.0
rs58726213_G,0.0
rs12934418_A,0.0
rs7500176_A,0.0
rs112906665_C,0.0
rs9673641_A,0.0
rs9939558_A,0.0
rs11150604_T,0.0
rs9939417_T,0.0
rs79695895_C,0.0
rs76697004_A,0.0
rs77946308_C,0.0
rs77322829_A,0.0
rs80299306_G,0.0
rs12597717_A,0.0
rs36155323_G,0.0
rs4985556_A,0.0
rs1973090_G,0.0
rs1973089_G,0.0
rs1551530_G,0.0
rs35283920_T,0.0
rs12596070_C,0.0
rs55667375_T,0.0
rs59865481_G,0.0
rs7198170_T,0.0
rs7192723_T,0.0
rs9933834_G,0.0
rs34644948_T,0.0
rs11865804_T,0.0
rs12929463_G,0.0
rs12929508_A,0.0
rs3813905_G,0.0
rs12923637_C,0.0
rs12923636_A,0.0
rs12924304_A,0.0
rs12920529_G,0.0
rs12919451_T,0.0
rs57752020_T,0.0
rs12601795_C,0.0
rs4790572_G,0.0
rs9894968_C,0.0
rs9303183_G,0.0
rs4790160_T,0.0
rs939563_T,0.0
rs144641440_G,0.0
rs191791258_C,0.0
rs74034060_G,0.0
rs76345091_A,0.0
rs141454251_A,0.0
rs72795497_A,0.0
rs35454747_T,0.0
rs4888184_G,0.0
rs4985561_A,0.0
rs12102535_G,0.0
rs12933303_C,0.0
rs62044062_G,0.0
rs12444189_A,0.0
rs12920300_T,0.0
rs12444183_A,0.0
rs12446781_G,0.0
rs1110894_T,0.0
rs1110893_G,0.0
rs150246946_G,0.0
rs62047970_G,0.0
rs3785425_A,0.0
rs2278983_A,0.0
rs3826271_T,0.0
rs7342692_T,0.0
rs11866403_A,0.0
rs33998678_T,0.0
rs34881169_C,0.0
rs12926402_A,0.0
rs12935541_G,0.0
rs34811595_C,0.0
rs36097154_A,0.0
rs68049363_G,0.0
rs8061329_T,0.0
rs4985546_T,0.0
rs4985413_C,0.0
rs35437297_G,0.0
rs143722131_A,0.0
rs12919296_T,0.0
rs12598251_C,0.0
rs12598248_C,0.0
rs4784558_T,0.0
rs13337406_A,0.0
rs6499775_G,0.0
rs13333562_G,0.0
rs6499774_A,0.0
rs28768401_C,0.0
rs9939625_T,0.0
rs28582320_A,0.0
rs2397775_A,0.0
rs28481789_T,0.0
rs28636790_A,0.0
rs4889625_A,0.0
rs55872380_A,0.0
rs12920334_A,0.0
rs72792840_A,0.0
rs57738457_A,0.0
rs8060584_C,0.0
rs34426756_T,0.0
rs34692833_T,0.0
rs35381200_C,0.0
rs12598955_T,0.0
rs12598456_T,0.0
rs56220651_G,0.0
rs4985415_G,0.0
rs7199618_A,0.0
rs4985553_T,0.0
rs61170208_C,0.0
rs13329733_C,0.0
rs4985552_G,0.0
rs16970408_A,0.0
rs7191249_T,0.0
rs35290416_T,0.0
rs12925493_G,0.0
rs35285555_C,0.0
rs12923630_T,0.0
rs12923477_G,0.0
rs12598945_C,0.0
rs12596475_T,0.0
rs4985551_T,0.0
rs4985550_G,0.0
rs4985549_G,0.0
rs35794088_T,0.0
rs4985414_T,0.0
rs12444108_A,0.0
rs12935701_T,0.0
rs11649274_A,0.0
rs12325400_G,0.0
rs7191849_C,0.0
rs12933575_G,0.0
rs12921753_T,0.0
rs3935873_T,0.0
rs3814880_C,0.0
rs12928610_C,0.0
rs11150580_T,0.0
rs4788210_G,0.0
rs4788209_T,0.0
rs11640534_G,0.0
rs9924686_A,0.0
rs3814881_A,0.0
rs11150579_G,0.0
rs4787489_A,0.0
rs4788204_A,0.0
rs3814884_A,0.0
rs9925915_C,0.0
rs11642046_G,0.0
rs4583255_G,0.0
rs4283241_A,0.0
rs11150577_A,0.0
rs10871451_G,0.0
rs4318227_G,0.0
rs11901_G,0.0
rs12921996_T,0.0
rs11642740_G,0.0
rs11642399_G,0.0
rs35105141_T,0.0
rs4788218_C,0.0
rs4787492_C,0.0
rs4788217_G,0.0
rs67218159_T,0.0
rs66467443_A,0.0
rs7190269_A,0.0
rs35467921_T,0.0
rs4788216_G,0.0
rs4788215_A,0.0
rs8054507_A,0.0
rs11642430_G,0.0
rs12596543_G,0.0
rs3814877_T,0.0
rs3814878_G,0.0
rs7204852_G,0.0
rs11150584_A,0.0
rs11544328_C,0.0
rs4788213_C,0.0
rs4788212_G,0.0
rs11150583_G,0.0
rs12325539_C,0.0
rs7193065_G,0.0
rs35605010_G,0.0
rs11150581_C,0.0
rs11642612_C,0.0
rs12598856_T,0.0
rs12446378_G,0.0
rs117123329_A,0.0
rs11247354_T,0.0
rs4887281_T,0.0
rs145544302_G,0.0
rs12901830_T,0.0
rs2289702_T,0.0
rs34593439_A,0.0
rs34843303_C,0.0
rs2870085_T,0.0
rs12148472_C,0.0
rs12592898_A,0.0
rs7496812_C,0.0
rs3784539_T,0.0
rs9925102_C,0.0
rs2458245_G,0.0
rs2469204_G,0.0
rs2469226_A,0.0
rs4984289_C,0.0
rs11637751_A,0.0
rs11634841_T,0.0
rs35763222_G,0.0
rs2018400_T,0.0
rs16946801_C,0.0
rs10851727_G,0.0
rs17762798_A,0.0
rs28386949_A,0.0
rs76855300_C,0.0
rs60160488_G,0.0
rs62008411_C,0.0
rs9932196_T,0.0
rs9932702_T,0.0
rs4788202_T,0.0
rs4787486_T,0.0
rs6565173_A,0.0
rs4788201_T,0.0
rs4788200_T,0.0
rs4788197_A,0.0
rs7204797_T,0.0
rs4788196_G,0.0
rs11646127_C,0.0
rs11150576_T,0.0
rs12918652_C,0.0
rs7193532_A,0.0
rs1075853_C,0.0
rs4788195_C,0.0
rs8056535_A,0.0
rs8054556_A,0.0
rs13337451_A,0.0
rs62038901_T,0.0
rs4780338_T,0.0
rs12149807_T,0.0
rs11644321_C,0.0
rs11641192_A,0.0
rs62031113_C,0.0
rs1061842_A,0.0
rs3743801_G,0.0
rs3743798_A,0.0
rs2270288_T,0.0
rs7190185_G,0.0
rs72799330_A,0.0
rs8050107_C,0.0
rs67456613_A,0.0
rs8063565_G,0.0
rs56083427_T,0.0
rs67264578_A,0.0
rs4889634_T,0.0
rs2878304_C,0.0
rs2335013_T,0.0
rs9796842_T,0.0
rs12931096_A,0.0
rs12929065_G,0.0
rs11647697_T,0.0
rs4788219_G,0.0
rs34840035_C,0.0
rs4889622_A,0.0
rs4889534_T,0.0
rs2125293_T,0.0
rs2168834_T,0.0
rs4889614_G,0.0
rs11864054_G,0.0
rs7500719_A,0.0
rs28421305_A,0.0
rs8046391_C,0.0
rs9319587_T,0.0
rs112282032_T,0.0
rs4889490_T,0.0
rs62057232_C,0.0
rs4889536_G,0.0
rs12917722_G,0.0
rs7200879_G,0.0
rs10782002_A,0.0
rs35733741_A,0.0
rs12599631_A,0.0
rs12928852_C,0.0
rs4889514_A,0.0
rs10782001_G,0.0
rs11150600_C,0.0
rs12930545_A,0.0
rs8050588_A,0.0
rs72799341_A,0.0
rs35675346_A,0.0
rs3813020_G,0.0
rs4889651_A,0.0
rs9319588_C,0.0
rs4889685_C,0.0
rs12924903_A,0.0
rs7185007_T,0.0
rs11649653_G,0.0
rs8052245_C,0.0
rs8046707_A,0.0
rs1458201_A,0.0
rs1046276_T,0.0
rs11862962_G,0.0
rs80095680_G,0.0
rs112790372_G,0.0
rs113448632_T,0.0
rs4889653_C,0.0
rs12930657_C,0.0
rs7185620_G,0.0
rs36064568_C,0.0
rs7191761_C,0.0
rs28728333_A,0.0
rs9925025_C,0.0
rs7187071_T,0.0
rs7204632_T,0.0
rs7197475_T,0.0
rs7184055_T,0.0
rs7188789_A,0.0
rs7187802_A,0.0
rs111639166_C,0.0
rs113024433_C,0.0
rs9921835_A,0.0
rs7191389_C,0.0
rs4485386_A,0.0
rs7186852_G,0.0
rs28841118_A,0.0
rs12918327_T,0.0
rs35661204_T,0.0
rs34699226_G,0.0
rs34114657_C,0.0
rs36063822_T,0.0
rs62057756_A,0.0
rs2278557_G,0.0
rs9932193_G,0.0
rs9939774_T,0.0
rs4788220_G,0.0
rs7499339_T,0.0
rs8058961_A,0.0
rs28853644_T,0.0
rs34480360_A,0.0
rs35695082_C,0.0
rs56656810_A,0.0
rs3747486_T,0.0
rs11862859_A,0.0
rs6565201_T,0.0
rs7198250_A,0.0
rs9928572_C,0.0
rs2289442_C,0.0
rs4616297_A,0.0
rs7204278_G,0.0
rs8058578_T,0.0
rs6565195_A,0.0
rs35969813_C,0.0
rs6565197_C,0.0
rs8058928_G,0.0
rs7187359_A,0.0
rs13338946_C,0.0
rs150458589_A,0.0
rs8048448_C,0.0
rs8055661_T,0.0
rs8055315_T,0.0
rs8051050_G,0.0
rs885107_C,0.0
rs35629860_A,0.0
rs3747481_T,0.0
rs2919426_A,0.0
rs7197770_C,0.0
rs11230257_A,0.0
rs11230256_G,0.0
rs10897040_C,0.0
rs10897039_A,0.0
rs10897038_G,0.0
rs10897037_G,0.0
rs11559565_G,0.0
rs11560913_C,0.0
rs7945487_A,0.0
rs11560911_A,0.0
rs11560964_G,0.0
rs11230255_A,0.0
rs10897036_C,0.0
rs2302460_T,0.0
rs11230254_C,0.0
rs11525457_T,0.0
rs12222485_G,0.0
rs11230252_A,0.0
rs11230251_A,0.0
rs11230250_C,0.0
rs11560910_C,0.0
rs4436562_G,0.0
rs4475941_T,0.0
rs4354705_C,0.0
rs4258400_C,0.0
rs4258399_A,0.0
rs4475940_T,0.0
rs10897035_G,0.0
rs71460573_C,0.0
rs12804091_C,0.0
rs12803929_C,0.0
rs12798140_T,0.0
rs12798846_G,0.0
rs11230267_T,0.0
rs11230266_T,0.0
rs11230265_T,0.0
rs11230264_G,0.0
rs11230263_A,0.0
rs4447193_A,0.0
rs4444096_C,0.0
rs4522186_G,0.0
rs11230258_A,0.0
rs4594016_G,0.0
rs4430535_C,0.0
rs10897042_C,0.0
rs4576844_T,0.0
rs4582994_G,0.0
rs4576843_T,0.0
rs4442568_C,0.0
rs4278536_C,0.0
rs7943993_C,0.0
rs7943967_A,0.0
rs7943848_C,0.0
rs11230261_C,0.0
rs11230259_C,0.0
rs10897041_A,0.0
rs4430536_C,0.0
rs10897024_A,0.0
rs56157839_T,0.0
rs3758866_T,0.0
rs61897948_A,0.0
rs2044982_C,0.0
rs58936849_T,0.0
rs12226367_T,0.0
rs11230227_A,0.0
rs2162254_T,0.0
rs10897020_C,0.0
rs71488451_G,0.0
rs12421663_G,0.0
rs4938933_C,0.0
rs10897033_T,0.0
rs7930318_C,0.0
rs10736701_C,0.0
rs10736700_T,0.0
rs7128450_G,0.0
rs1026252_C,0.0
rs1026253_G,0.0
rs1026254_T,0.0
rs1026255_G,0.0
rs1026256_T,0.0
rs1530914_C,0.0
rs1530915_G,0.0
rs7108663_C,0.0
rs1365247_T,0.0
rs4938931_G,0.0
rs4938932_C,0.0
rs1020288_A,0.0
rs11605235_C,0.0
rs1899571_T,0.0
rs11605188_G,0.0
rs11230248_C,0.0
rs10792264_T,0.0
rs10897032_G,0.0
rs10897031_C,0.0
rs10897030_A,0.0
rs12225299_A,0.0
rs59224344_T,0.0
rs12792791_A,0.0
rs7108879_T,0.0
rs2044981_C,0.0
rs10897028_T,0.0
rs12802385_A,0.0
rs10792263_C,0.0
rs61900468_T,0.0
rs10897027_A,0.0
rs61900467_T,0.0
rs7103808_G,0.0
rs11230243_A,0.0
rs11824773_C,0.0
rs11824734_A,0.0
rs10431136_T,0.0
rs11230240_A,0.0
rs11230239_T,0.0
rs55777218_C,0.0
rs35905922_A,0.0
rs1237230_A,0.0
rs661271_T,0.0
rs4944549_T,0.0
rs11825598_C,0.0
rs115863566_A,0.0
rs12573862_G,0.0
rs7125171_C,0.0
rs10751253_C,0.0
rs585557_G,0.0
rs622614_T,0.0
rs58568715_G,0.0
rs588114_A,0.0
rs507062_C,0.0
rs12797040_A,0.0
rs2231884_T,0.0
rs656980_A,0.0
rs641018_C,0.0
rs693824_G,0.0
rs677931_C,0.0
rs694994_C,0.0
rs568617_T,0.0
rs658938_A,0.0
rs687672_T,0.0
rs645900_G,0.0
rs658524_A,0.0
rs12225345_G,0.0
rs601863_C,0.0
rs10791830_T,0.0
rs587038_A,0.0
rs618629_T,0.0
rs28365806_C,0.0
rs600743_A,0.0
rs601185_A,0.0
rs532470_G,0.0
rs17817648_C,0.0
rs637304_A,0.0
rs606505_A,0.0
rs626542_T,0.0
rs639012_A,0.0
rs671686_G,0.0
rs34700169_G,0.0
rs579406_C,0.0
rs563773_T,0.0
rs592314_A,0.0
rs2508690_C,0.0
rs2077815_G,0.0
rs618679_A,0.0
rs565031_T,0.0
rs673751_A,0.0
rs501505_A,0.0
rs556562_A,0.0
rs11234493_T,0.0
rs75751_G,0.0
rs612396_A,0.0
rs472618_T,0.0
rs2458499_C,0.0
rs548121_C,0.0
rs2868120_G,0.0
rs2868119_T,0.0
rs2868118_T,0.0
rs10750932_A,0.0
rs11827324_G,0.0
rs10897048_T,0.0
rs10897047_C,0.0
rs10897046_C,0.0
rs10897045_G,0.0
rs10897044_T,0.0
rs4939338_T,0.0
rs11230277_C,0.0
rs11230276_C,0.0
rs1151519_G,0.0
rs7950431_T,0.0
rs7939273_C,0.0
rs11605441_G,0.0
rs12800288_T,0.0
rs12799384_T,0.0
rs11230274_G,0.0
rs11230273_A,0.0
rs7931689_C,0.0
rs6591568_C,0.0
rs6591566_G,0.0
rs6591565_T,0.0
rs11230268_C,0.0
rs72924626_C,0.0
rs12226656_C,0.0
rs11230275_G,0.0
rs1204650_A,0.0
rs596002_A,0.0
rs583887_T,0.0
rs17854357_C,0.0
rs77779142_T,0.0
rs78028320_A,0.0
rs12283874_T,0.0
rs10896050_T,0.0
rs2289614_C,0.0
rs7931525_G,0.0
rs12798157_C,0.0
rs11230280_C,0.0
rs1443250_G,0.0
rs2868121_A,0.0
rs2304933_T,0.0
rs2304934_G,0.0
rs2304935_G,0.0
rs2304936_C,0.0
rs7924433_G,0.0
rs10792267_G,0.0
rs4506675_T,0.0
rs10750935_C,0.0
rs10750934_T,0.0
rs10750933_A,0.0
rs7116069_C,0.0
rs10792265_G,0.0
rs4477457_A,0.0
rs10897049_T,0.0
rs10792268_G,0.0
rs1303621_C,0.0
rs564912_T,0.0
rs1125357_C,0.0
rs1303615_T,0.0
rs581133_G,0.0
rs574798_G,0.0
rs574695_C,0.0
rs540170_T,0.0
rs563803_A,0.0
rs4939311_T,0.0
rs562028_A,0.0
rs514266_C,0.0
rs11230147_T,0.0
rs6591559_A,0.0
rs512495_G,0.0
rs1786137_C,0.0
rs1813217_C,0.0
rs485333_C,0.0
rs487997_C,0.0
rs516478_A,0.0
rs521952_C,0.0
rs580064_C,0.0
rs580817_G,0.0
rs574704_G,0.0
rs17528859_C,0.0
rs2855017_T,0.0
rs502419_A,0.0
rs555635_C,0.0
rs11230165_A,0.0
rs11230161_A,0.0
rs11230160_T,0.0
rs684961_A,0.0
rs688030_A,0.0
rs606588_T,0.0
rs617916_G,0.0
rs1316005_G,0.0
rs558375_T,0.0
rs583296_C,0.0
rs595481_C,0.0
rs476722_C,0.0
rs569046_G,0.0
rs11230153_T,0.0
rs1786140_T,0.0
rs534273_G,0.0
rs510518_G,0.0
rs7124974_T,0.0
rs2165525_C,0.0
rs504272_C,0.0
rs11230155_T,0.0
rs55847558_G,0.0
rs525794_G,0.0
rs61901691_T,0.0
rs474123_C,0.0
rs4939314_C,0.0
rs4939312_T,0.0
rs483629_T,0.0
rs1863472_G,0.0
rs501945_C,0.0
rs525828_T,0.0
rs7106518_C,0.0
rs539360_A,0.0
rs536531_T,0.0
rs474951_G,0.0
rs10897003_A,0.0
rs528823_T,0.0
rs2298584_G,0.0
rs1151103_A,0.0
rs3016835_T,0.0
rs12225069_T,0.0
rs3016834_T,0.0
rs2847655_C,0.0
rs579721_A,0.0
rs12221875_C,0.0
rs501697_A,0.0
rs12805696_C,0.0
rs12806720_A,0.0
rs1286169_G,0.0
rs1286170_A,0.0
rs1151065_A,0.0
rs1286171_G,0.0
rs57170676_T,0.0
rs17154527_G,0.0
rs11824940_G,0.0
rs1286289_A,0.0
rs11825794_T,0.0
rs1296390_A,0.0
rs1290426_C,0.0
rs2847668_T,0.0
rs2070970_T,0.0
rs2583471_A,0.0
rs502581_T,0.0
rs2847667_T,0.0
rs2847666_G,0.0
rs556917_T,0.0
rs2847664_A,0.0
rs2847663_G,0.0
rs2583476_A,0.0
rs1441586_C,0.0
rs573790_T,0.0
rs7109174_T,0.0
rs558788_G,0.0
rs10897007_C,0.0
rs10897006_G,0.0
rs7113196_T,0.0
rs7113195_G,0.0
rs1286162_G,0.0
rs1151105_T,0.0
rs1151104_A,0.0
rs549651_C,0.0
rs549680_G,0.0
rs7102260_A,0.0
rs543695_A,0.0
rs471457_A,0.0
rs7108307_T,0.0
rs558678_G,0.0
rs2015475_C,0.0
rs600550_T,0.0
rs11230201_G,0.0
rs11601689_C,0.0
rs673996_A,0.0
rs1349667_A,0.0
rs620612_T,0.0
rs2081547_T,0.0
rs657928_A,0.0
rs584469_C,0.0
rs2868099_A,0.0
rs56357056_G,0.0
rs688460_T,0.0
rs12226022_C,0.0
rs1820428_T,0.0
rs56273223_C,0.0
rs11603507_A,0.0
rs4939320_C,0.0
rs670854_C,0.0
rs603568_C,0.0
rs1426253_C,0.0
rs11230194_G,0.0
rs626011_A,0.0
rs1151119_A,0.0
rs1285231_C,0.0
rs764859_G,0.0
rs604085_A,0.0
rs7932740_A,0.0
rs4492839_A,0.0
rs7121656_C,0.0
rs1562990_C,0.0
rs1582763_A,0.0
rs675655_C,0.0
rs672399_T,0.0
rs636341_A,0.0
rs636317_C,0.0
rs2433239_C,0.0
rs2509801_A,0.0
rs3132886_T,0.0
rs592894_G,0.0
rs655231_G,0.0
rs654415_G,0.0
rs7936120_A,0.0
rs603648_A,0.0
rs627081_T,0.0
rs611418_C,0.0
rs1019671_C,0.0
rs1834554_C,0.0
rs650943_C,0.0
rs72920867_C,0.0
rs611267_A,0.0
rs633463_G,0.0
rs621965_A,0.0
rs718376_A,0.0
rs678384_G,0.0
rs676309_C,0.0
rs1426250_G,0.0
rs600064_A,0.0
rs55661415_G,0.0
rs632185_A,0.0
rs17602572_G,0.0
rs583791_C,0.0
rs12453_C,0.0
rs624663_C,0.0
rs631853_T,0.0
rs7946992_C,0.0
rs72918674_T,0.0
rs2278867_T,0.0
rs7935829_G,0.0
rs662196_C,0.0
rs634475_G,0.0
rs673141_T,0.0
rs610932_T,0.0
rs7933202_C,0.0
rs56189574_G,0.0
rs7926954_A,0.0
rs664034_C,0.0
rs11605427_C,0.0
rs602396_A,0.0
rs17529983_A,0.0
rs107903_T,0.0
rs920573_A,0.0
rs11600716_C,0.0
rs652354_T,0.0
rs983392_G,0.0
rs10897009_A,0.0
rs7232_A,0.0
rs7928895_A,0.0
rs7929589_T,0.0
rs668287_T,0.0
rs588084_T,0.0
rs599862_A,0.0
rs670139_T,0.0
rs666555_A,0.0
rs652303_T,0.0
rs11230187_C,0.0
rs28628869_G,0.0
rs7933805_G,0.0
rs2123314_C,0.0
rs11230184_A,0.0
rs1820430_G,0.0
rs7116190_A,0.0
rs61901745_G,0.0
rs7926354_A,0.0
rs7926344_A,0.0
rs7926729_T,0.0
rs11230180_T,0.0
rs10897011_A,0.0
rs1834551_A,0.0
rs1834550_C,0.0
rs2081545_A,0.0
rs1834549_T,0.0
rs636147_C,0.0
rs56201148_T,0.0
rs1834557_A,0.0
rs11230183_T,0.0
rs11845320_G,0.0
rs7141335_C,0.0
rs77625717_C,0.0
rs2025634_C,0.0
rs7155860_G,0.0
rs55685925_A,0.0
rs7145440_T,0.0
rs7144029_C,0.0
rs912861_C,0.0
rs7158645_C,0.0
rs77026229_G,0.0
rs12433747_T,0.0
rs3818453_C,0.0
rs475639_C,0.0
rs7143400_A,0.0
rs7145392_G,0.0
rs11629431_C,0.0
rs17125798_A,0.0
rs1952088_A,0.0
rs6572867_C,0.0
rs2357945_A,0.0
rs2025633_C,0.0
rs7146915_C,0.0
rs8005234_T,0.0
rs6572866_T,0.0
rs6572864_C,0.0
rs7151491_C,0.0
rs6572868_C,0.0
rs73304351_A,0.0
rs8003334_T,0.0
rs8019585_A,0.0
rs8019279_T,0.0
rs12590744_A,0.0
rs76673112_C,0.0
rs8003683_T,0.0
rs77650471_T,0.0
rs4901305_C,0.0
rs11621275_C,0.0
rs7158555_G,0.0
rs12884504_G,0.0
rs62003531_C,0.0
rs7147258_G,0.0
rs9646151_C,0.0
rs11625479_A,0.0
rs7158114_C,0.0
rs6572869_A,0.0
rs7145307_C,0.0
rs7145242_G,0.0
rs11157933_G,0.0
rs7149638_T,0.0
rs12435704_T,0.0
rs2357947_G,0.0
rs2357946_G,0.0
rs1952090_A,0.0
rs7160582_T,0.0
rs1952089_C,0.0
rs1998776_T,0.0
rs68042320_A,0.0
rs12881947_G,0.0
rs8003201_A,0.0
rs9586318_A,0.0
rs9586317_A,0.0
rs61970805_G,0.0
rs4885712_G,0.0
rs12561090_T,0.0
rs12561399_A,0.0
rs17074754_A,0.0
rs56108229_T,0.0
rs73456534_C,0.0
rs73456532_T,0.0
rs7151474_C,0.0
rs2147126_G,0.0
rs9509830_A,0.0
rs7306598_A,0.0
rs951977_G,0.0
rs10450725_A,0.0
rs10450724_T,0.0
rs7299724_G,0.0
rs7311830_C,0.0
rs7295135_C,0.0
rs7294676_C,0.0
rs11107591_T,0.0
rs10777604_T,0.0
rs3827521_A,0.0
rs7308296_C,0.0
rs144440282_A,0.0
rs7151643_G,0.0
rs7152229_T,0.0
rs4901303_C,0.0
rs4898768_A,0.0
rs1886786_A,0.0
rs12589020_T,0.0
rs7160285_A,0.0
rs4901302_G,0.0
rs11626419_G,0.0
rs4901301_C,0.0
rs75762751_A,0.0
rs2357944_T,0.0
rs7150808_C,0.0
rs3784199_C,0.0
rs8014325_G,0.0
rs7146179_A,0.0
rs12586707_A,0.0
rs12590862_A,0.0
rs1998779_T,0.0
rs1998777_G,0.0
rs8011357_G,0.0
rs11624787_C,0.0
rs2357801_C,0.0
rs138769657_T,0.0
rs117944015_T,0.0
rs77699666_A,0.0
rs113092804_T,0.0
rs77450423_C,0.0
rs12587286_T,0.0
rs8008388_G,0.0
rs12435220_C,0.0
rs4406992_C,0.0
rs2896209_A,0.0
rs4497611_G,0.0
rs12883073_T,0.0
rs12882202_G,0.0
rs12878801_T,0.0
rs12897935_G,0.0
rs12897398_A,0.0
rs12878457_T,0.0
rs12878453_T,0.0
rs12897713_G,0.0
rs2296495_A,0.0
rs12893365_T,0.0
rs7154691_A,0.0
rs7154308_A,0.0
rs7155778_T,0.0
rs61977314_G,0.0
rs9323877_G,0.0
rs12590273_C,0.0
rs7155002_T,0.0
rs7154848_T,0.0
rs11160069_T,0.0
rs11160068_G,0.0
rs12880508_C,0.0
rs12881735_C,0.0
rs10130373_C,0.0
rs12878441_T,0.0
rs12595369_A,0.0
rs2382075_G,0.0
rs1587656_T,0.0
rs6495941_T,0.0
rs144562853_C,0.0
rs11624121_C,0.0
rs10134526_T,0.0
rs78678965_A,0.0
rs7160605_C,0.0
rs1952330_T,0.0
rs12880066_C,0.0
rs12436927_C,0.0
rs8018360_T,0.0
rs12883528_G,0.0
rs147097969_G,0.0
rs12889549_C,0.0
rs60837157_A,0.0
rs1952322_G,0.0
rs61977322_C,0.0
rs17783630_A,0.0
rs55802822_G,0.0
rs11160071_T,0.0
rs36026988_C,0.0
rs4904929_C,0.0
rs4904926_C,0.0
rs4904925_G,0.0
rs4904924_G,0.0
rs11623019_T,0.0
rs12892564_G,0.0
rs35617057_T,0.0
rs8015178_T,0.0
rs17128291_G,0.0
rs10139051_A,0.0
rs7151174_C,0.0
rs941637_A,0.0
rs2077292_A,0.0
rs2077291_C,0.0
rs28503765_A,0.0
rs753127_C,0.0
rs61975645_T,0.0
rs61975644_C,0.0
rs61975642_A,0.0
rs4904923_G,0.0
rs61975641_G,0.0
rs61975640_A,0.0
rs67059003_A,0.0
rs8015234_A,0.0
rs61975638_C,0.0
rs61975637_G,0.0
rs8004500_A,0.0
rs8018967_C,0.0
rs4902175_G,0.0
rs149210267_T,0.0
rs17125944_C,0.0
rs17125924_G,0.0
rs74825460_T,0.0
rs140542729_C,0.0
rs7143233_G,0.0
rs4904922_G,0.0
rs4900124_G,0.0
rs10130041_G,0.0
rs10129728_A,0.0
rs10142040_T,0.0
rs10129711_A,0.0
rs10873423_A,0.0
rs3993878_G,0.0
rs61977313_T,0.0
rs941648_G,0.0
rs941649_C,0.0
rs7401792_G,0.0
rs67063100_A,0.0
rs12894869_G,0.0
rs61977311_A,0.0
rs61977310_T,0.0
rs61977309_A,0.0
rs4904918_T,0.0
rs10498633_T,0.0
rs61977303_C,0.0
rs12050165_C,0.0
rs7149030_G,0.0
rs7143416_G,0.0
rs11621551_A,0.0
rs7144261_A,0.0
rs7143110_C,0.0
rs4410008_C,0.0
rs7142428_T,0.0
rs11160067_C,0.0
rs2458493_A,0.0
rs669556_C,0.0
rs3016327_T,0.0
rs2458500_A,0.0
rs2509608_T,0.0
rs2509609_C,0.0
rs544458_C,0.0
rs867611_G,0.0
rs66494408_G,0.0
rs3016786_G,0.0
rs635168_T,0.0
rs634719_T,0.0
rs613222_G,0.0
rs4761481_G,0.0
rs2508697_A,0.0
rs489486_T,0.0
rs493254_G,0.0
rs497711_T,0.0
rs519778_C,0.0
rs669813_C,0.0
rs545592_C,0.0
rs694011_T,0.0
rs647422_C,0.0
rs677869_C,0.0
rs659863_C,0.0
rs677909_C,0.0
rs2508692_A,0.0
rs9804630_A,0.0
rs631611_C,0.0
rs631249_G,0.0
rs543293_A,0.0
rs143147909_T,0.0
rs1237999_G,0.0
rs586274_T,0.0
rs583162_G,0.0
rs17745409_G,0.0
rs497816_C,0.0
rs566975_C,0.0
rs526904_T,0.0
rs542126_A,0.0
rs629343_G,0.0
rs1214669_A,0.0
rs568755_G,0.0
rs67008419_T,0.0
rs572979_T,0.0
rs561655_G,0.0
rs631639_T,0.0
rs480781_A,0.0
rs565719_T,0.0
rs534128_A,0.0
rs683912_C,0.0
rs535590_A,0.0
rs652165_G,0.0
rs541458_C,0.0
rs536841_C,0.0
rs638509_C,0.0
rs645293_T,0.0
rs602222_G,0.0
rs2508696_A,0.0
rs680119_T,0.0
rs528109_C,0.0
rs527162_C,0.0
rs2155051_A,0.0
rs35992035_G,0.0
rs616555_G,0.0
rs600258_G,0.0
rs34332755_C,0.0
rs603615_G,0.0
rs602391_C,0.0
rs12804833_C,0.0
rs12802399_C,0.0
rs595972_G,0.0
rs484154_A,0.0
rs659801_G,0.0
rs12804751_C,0.0
rs682366_T,0.0
rs488134_T,0.0
rs654194_C,0.0
rs670606_G,0.0
rs627818_A,0.0
rs585820_G,0.0
rs11234501_A,0.0
rs2508688_A,0.0
rs645299_C,0.0
rs588076_G,0.0
rs542167_A,0.0
rs17817931_C,0.0
rs664596_A,0.0
rs3016240_A,0.0
rs2508691_A,0.0
rs1973630_T,0.0
rs2508379_T,0.0
rs478711_A,0.0
rs561646_C,0.0
rs547767_A,0.0
rs682928_C,0.0
rs609903_A,0.0
rs666682_C,0.0
rs541674_G,0.0
rs2458496_C,0.0
rs676733_C,0.0
rs1949221_G,0.0
rs2508381_C,0.0
rs655641_C,0.0
rs553141_G,0.0
rs1996108_T,0.0
rs648270_T,0.0
rs494369_A,0.0
rs67682051_G,0.0
rs592297_C,0.0
rs622220_C,0.0
rs636355_T,0.0
rs636772_A,0.0
rs56094546_C,0.0
rs12808312_A,0.0
rs3781834_G,0.0
rs17125473_C,0.0
rs1792124_A,0.0
rs1784919_T,0.0
rs3781832_T,0.0
rs3781831_A,0.0
rs11218343_C,0.0
rs9665907_A,0.0
rs11218342_C,0.0
rs80256323_A,0.0
rs720099_C,0.0
rs74794424_G,0.0
rs7131432_A,0.0
rs1513389_G,0.0
rs2298814_A,0.0
rs7946599_A,0.0
rs75023639_C,0.0
rs138337950_A,0.0
rs74685827_G,0.0
rs138924416_C,0.0
rs142831663_C,0.0
rs9971438_C,0.0
rs6590399_C,0.0
rs10791031_G,0.0
rs10501927_G,0.0
rs3888884_C,0.0
rs11234569_G,0.0
rs10792833_T,0.0
rs6589885_A,0.0
rs12320623_C,0.0
rs2170773_G,0.0
rs4492875_G,0.0
rs10859721_G,0.0
rs7965405_C,0.0
rs11104855_C,0.0
rs4264240_T,0.0
rs348664_G,0.0
rs2951468_A,0.0
rs7488388_T,0.0
rs11171043_A,0.0
rs11171042_T,0.0
rs11182826_A,0.0
rs75279208_G,0.0
rs573605_C,0.0
rs75439772_A,0.0
rs11820853_T,0.0
rs7939826_T,0.0
rs77819448_G,0.0
rs2276412_T,0.0
rs12272618_C,0.0
rs146197030_G,0.0
rs117807585_A,0.0
rs3781838_G,0.0
rs1790211_T,0.0
rs59260691_A,0.0
rs3781837_C,0.0
rs3781835_A,0.0
rs61931876_T,0.0
rs11234556_T,0.0
rs11234554_C,0.0
rs10898437_C,0.0
rs2028338_T,0.0
rs11234552_G,0.0
rs7938634_A,0.0
rs4944560_A,0.0
rs10501610_C,0.0
rs67598967_A,0.0
rs10898436_C,0.0
rs7926591_G,0.0
rs7114401_C,0.0
rs7114331_A,0.0
rs7107958_G,0.0
rs34565850_A,0.0
rs34191396_G,0.0
rs805454_G,0.0
rs519961_T,0.0
rs472486_A,0.0
rs471470_C,0.0
rs580887_T,0.0
rs573167_G,0.0
rs567075_T,0.0
rs4944558_C,0.0
rs474479_C,0.0
rs598726_G,0.0
rs659023_A,0.0
rs646260_G,0.0
rs10792830_A,0.0
rs11234568_G,0.0
rs11603136_C,0.0
rs3901732_G,0.0
rs61904266_A,0.0
rs11234564_C,0.0
rs7113976_T,0.0
rs3851179_T,0.0
rs10898441_T,0.0
rs10792832_A,0.0
rs11234562_G,0.0
rs56157503_C,0.0
rs72962020_G,0.0
rs7480193_A,0.0
rs3844143_C,0.0
rs9787874_G,0.0
rs10898440_C,0.0
rs10898439_G,0.0
rs7941541_G,0.0
rs3851178_G,0.0
rs12786057_A,0.0
rs10898438_G,0.0
rs61905902_T,0.0
rs7952506_T,0.0
rs7110631_C,0.0
rs2888903_G,0.0
rs3915642_T,0.0
rs10792831_G,0.0
rs2374702_G,0.0
rs56295979_A,0.0
rs7251655_T,0.0
rs71352248_C,0.0
rs11666285_A,0.0
rs2376866_T,0.0
rs148851376_T,0.0
rs12459272_C,0.0
rs56784978_C,0.0
rs73560223_G,0.0
rs75953666_A,0.0
rs73047694_A,0.0
rs60461903_C,0.0
rs892131_T,0.0
rs57204168_G,0.0
rs11821744_T,0.0
rs9193_T,0.0
rs2075619_G,0.0
rs2075618_C,0.0
rs3859419_T,0.0
rs909134_C,0.0
rs204465_T,0.0
rs204466_G,0.0
rs204467_A,0.0
rs204468_T,0.0
rs3786505_G,0.0
rs7257610_A,0.0
rs204469_A,0.0
rs11672748_G,0.0
rs11083755_T,0.0
rs35080293_G,0.0
rs62117227_T,0.0
rs1076986_T,0.0
rs34583389_T,0.0
rs6509177_G,0.0
rs62117224_A,0.0
rs114248186_T,0.0
rs4803791_A,0.0
rs28697575_T,0.0
rs35912475_T,0.0
rs74359223_A,0.0
rs116518981_A,0.0
rs34874378_A,0.0
rs11668285_A,0.0
rs35577563_G,0.0
rs9749077_G,0.0
rs28809016_A,0.0
rs68077521_C,0.0
rs62117214_G,0.0
rs874744_T,0.0
rs874743_A,0.0
rs12972222_A,0.0
rs2376868_A,0.0
rs2060251_C,0.0
rs10423934_T,0.0
rs10423543_C,0.0
rs35255921_A,0.0
rs7251460_T,0.0
rs117612135_T,0.0
rs35194383_T,0.0
rs934427_G,0.0
rs146390218_G,0.0
rs204479_T,0.0
rs16979595_A,0.0
rs2293755_G,0.0
rs73558179_G,0.0
rs204481_T,0.0
rs16979588_C,0.0
rs204482_G,0.0
rs204483_A,0.0
rs11669609_T,0.0
rs11665849_G,0.0
rs11668758_T,0.0
rs34112623_T,0.0
rs1807542_A,0.0
rs56834222_T,0.0
rs59136988_A,0.0
rs16979586_G,0.0
rs11878597_C,0.0
rs4803782_G,0.0
rs112704499_A,0.0
rs147901416_A,0.0
rs204914_T,0.0
rs111997200_C,0.0
rs204913_T,0.0
rs204912_A,0.0
rs8100236_C,0.0
rs8100120_C,0.0
rs2142074_G,0.0
rs204470_A,0.0
rs204471_T,0.0
rs204472_A,0.0
rs60876330_T,0.0
rs112329279_T,0.0
rs73558200_T,0.0
rs204473_A,0.0
rs16979600_C,0.0
rs204474_C,0.0
rs111869796_T,0.0
rs112417029_T,0.0
rs143668237_C,0.0
rs57270598_A,0.0
rs2075620_G,0.0
rs73558195_A,0.0
rs55778858_A,0.0
rs55762617_A,0.0
rs204475_A,0.0
rs73558194_A,0.0
rs145729706_A,0.0
rs8111069_C,0.0
rs204476_A,0.0
rs7253458_T,0.0
rs204477_A,0.0
rs73558190_G,0.0
rs56803710_T,0.0
rs75363753_C,0.0
rs73558188_A,0.0
rs77021985_T,0.0
rs57565080_G,0.0
rs12461416_G,0.0
rs79736061_A,0.0
rs12459074_C,0.0
rs112939383_T,0.0
rs79495752_G,0.0
rs74331793_C,0.0
rs7257599_C,0.0
rs79587415_T,0.0
rs17562787_A,0.0
rs7248421_T,0.0
rs76705128_T,0.0
rs12461065_T,0.0
rs34827707_A,0.0
rs75937691_G,0.0
rs7255018_T,0.0
rs10417618_A,0.0
rs10410424_G,0.0
rs10409727_T,0.0
rs1541926_G,0.0
rs17562676_A,0.0
rs10408366_G,0.0
rs10409903_C,0.0
rs75788243_G,0.0
rs733289_T,0.0
rs75339993_C,0.0
rs80184470_G,0.0
rs77296283_A,0.0
rs112541774_G,0.0
rs28620490_T,0.0
rs142883151_A,0.0
rs1114831_A,0.0
rs1114832_T,0.0
rs79018068_G,0.0
rs10408847_C,0.0
rs754366_A,0.0
rs17643262_A,0.0
rs7249573_T,0.0
rs145903417_G,0.0
rs10413253_T,0.0
rs10405086_T,0.0
rs150567157_T,0.0
rs111815828_C,0.0
rs2004357_A,0.0
rs10403214_A,0.0
rs35836101_A,0.0
rs7257566_T,0.0
rs76446995_C,0.0
rs10409232_A,0.0
rs10407374_A,0.0
rs34545713_T,0.0
rs76271385_A,0.0
rs10412988_G,0.0
rs12462040_T,0.0
rs74877307_C,0.0
rs113790698_A,0.0
rs77682313_T,0.0
rs10419255_C,0.0
rs6509184_A,0.0
rs6509183_T,0.0
rs7247651_G,0.0
rs7247311_A,0.0
rs7247383_G,0.0
rs7246959_A,0.0
rs7246952_A,0.0
rs75824242_T,0.0
rs10404697_T,0.0
rs55919874_A,0.0
rs8111944_G,0.0
rs8111429_A,0.0
rs8111414_A,0.0
rs1982077_G,0.0
rs77675453_C,0.0
rs10422319_C,0.0
rs10416500_C,0.0
rs6509180_C,0.0
rs8103155_C,0.0
rs8100183_T,0.0
rs7251911_G,0.0
rs76316199_C,0.0
rs60239918_T,0.0
rs112481437_A,0.0
rs1968449_T,0.0
rs1560725_C,0.0
rs76856627_G,0.0
rs34034621_T,0.0
rs8111408_A,0.0
rs10405721_A,0.0
rs10405719_T,0.0
rs10405306_T,0.0
rs75350052_T,0.0
rs75282681_G,0.0
rs4608431_C,0.0
rs10424651_A,0.0
rs10417804_A,0.0
rs10417101_A,0.0
rs113708952_C,0.0
rs77660932_C,0.0
rs17642665_G,0.0
rs3178166_G,0.0
rs6509185_T,0.0
rs9653111_T,0.0
rs10420562_T,0.0
rs75918199_G,0.0
rs7260614_A,0.0
rs7245545_G,0.0
rs10426759_G,0.0
rs10426398_C,0.0
rs78620885_T,0.0
rs2060250_G,0.0
rs6509190_T,0.0
rs1469704_C,0.0
rs11671277_A,0.0
rs6509187_T,0.0
rs6509186_G,0.0
rs76007960_T,0.0
rs1160983_A,0.0
rs77301115_A,0.0
rs157584_C,0.0
rs59007384_T,0.0
rs157582_T,0.0
rs11556505_T,0.0
rs34404554_G,0.0
rs34095326_A,0.0
rs157581_C,0.0
rs2075650_G,0.0
rs2075649_G,0.0
rs184017_G,0.0
rs71352238_C,0.0
rs760114_T,0.0
rs117310449_T,0.0
rs283815_G,0.0
rs283814_A,0.0
rs283813_A,0.0
rs283811_G,0.0
rs283810_G,0.0
rs34342646_A,0.0
rs12972970_A,0.0
rs12972156_G,0.0
rs283809_G,0.0
rs283808_C,0.0
rs147636938_T,0.0
rs3745150_C,0.0
rs144261139_A,0.0
rs76692773_T,0.0
rs7259620_A,0.0
rs1305062_C,0.0
rs141864196_A,0.0
rs1038026_G,0.0
rs1038025_C,0.0
rs112019714_C,0.0
rs405697_A,0.0
rs117264457_A,0.0
rs741780_C,0.0
rs1160984_T,0.0
rs760136_G,0.0
rs1160985_T,0.0
rs115881343_T,0.0
rs112849259_T,0.0
rs34878901_T,0.0
rs111784051_G,0.0
rs118170342_C,0.0
rs8106922_G,0.0
rs114536010_T,0.0
rs76366838_A,0.0
rs75687619_T,0.0
rs2238681_T,0.0
rs79398853_T,0.0
rs157590_C,0.0
rs11668327_C,0.0
rs157588_T,0.0
rs116881820_C,0.0
rs157585_C,0.0
rs35568738_C,0.0
rs416041_G,0.0
rs12610605_A,0.0
rs510297_C,0.0
rs564724_A,0.0
rs511825_T,0.0
rs384653_A,0.0
rs41290098_T,0.0
rs112422902_A,0.0
rs394221_C,0.0
rs419010_C,0.0
rs520283_A,0.0
rs3112439_G,0.0
rs8105340_C,0.0
rs79701229_A,0.0
rs394353_A,0.0
rs376938_G,0.0
rs519825_C,0.0
rs520566_A,0.0
rs521629_A,0.0
rs403729_C,0.0
rs416116_A,0.0
rs415637_A,0.0
rs548011_G,0.0
rs11665829_A,0.0
rs12980631_C,0.0
rs12980613_G,0.0
rs11669109_C,0.0
rs146275714_A,0.0
rs73050216_C,0.0
rs73052307_C,0.0
rs406315_G,0.0
rs148303016_T,0.0
rs35879138_A,0.0
rs34224078_G,0.0
rs71352237_C,0.0
rs3852861_T,0.0
rs3852860_T,0.0
rs406456_G,0.0
rs41290120_A,0.0
rs150639620_T,0.0
rs11668861_T,0.0
rs3865427_A,0.0
rs41290100_T,0.0
rs419925_C,0.0
rs11667640_T,0.0
rs73050293_G,0.0
rs370705_T,0.0
rs412776_A,0.0
rs369599_T,0.0
rs387976_C,0.0
rs11665676_T,0.0
rs34278513_T,0.0
rs393584_A,0.0
rs71352236_A,0.0
rs390952_A,0.0
rs41290102_T,0.0
rs4803766_A,0.0
rs421812_T,0.0
rs4803777_A,0.0
rs12460352_T,0.0
rs7254723_G,0.0
rs12460347_T,0.0
rs12460346_G,0.0
rs7251503_G,0.0
rs7251501_T,0.0
rs892101_A,0.0
rs7247227_G,0.0
rs7248162_C,0.0
rs11083752_A,0.0
rs7246900_A,0.0
rs10402642_A,0.0
rs405509_G,0.0
rs10423208_A,0.0
rs12709889_A,0.0
rs7257476_T,0.0
rs7258345_G,0.0
rs7257468_T,0.0
rs1130742_T,0.0
rs7256684_G,0.0
rs10420434_A,0.0
rs4803774_G,0.0
rs10419086_G,0.0
rs11879392_G,0.0
rs9304646_C,0.0
rs12721076_C,0.0
rs9304644_T,0.0
rs10422888_G,0.0
rs204911_A,0.0
rs116949436_A,0.0
rs204910_T,0.0
rs61062133_G,0.0
rs204907_G,0.0
rs204906_T,0.0
rs1882752_C,0.0
rs2239375_C,0.0
rs7252480_T,0.0
rs2238682_T,0.0
rs143674704_G,0.0
rs41334244_G,0.0
rs117316645_A,0.0
rs190651665_G,0.0
rs10426750_C,0.0
rs7245611_C,0.0
rs73047643_C,0.0
rs66771331_A,0.0
rs7259679_T,0.0
rs66867801_T,0.0
rs3760628_A,0.0
rs3760627_C,0.0
rs3760626_G,0.0
rs3760625_A,0.0
rs12983572_C,0.0
rs4803780_T,0.0
rs4803779_C,0.0
rs4803778_C,0.0
rs3760629_C,0.0
rs1064725_G,0.0
rs12721051_G,0.0
rs484195_A,0.0
rs12721056_T,0.0
rs140480140_A,0.0
rs12721046_A,0.0
rs150966173_T,0.0
rs3925681_A,0.0
rs3826688_T,0.0
rs5117_C,0.0
rs12691088_A,0.0
rs438811_T,0.0
rs584007_A,0.0
rs12709886_T,0.0
rs483082_T,0.0
rs7256200_T,0.0
rs10414043_A,0.0
rs138235833_G,0.0
rs439401_T,0.0
rs72654472_T,0.0
rs75627662_T,0.0
rs1081106_C,0.0
rs1081105_C,0.0
rs7412_T,0.0
rs769450_A,0.0
rs769449_A,0.0
rs769448_T,0.0
rs440446_C,0.0
rs59325138_T,0.0
rs5167_G,0.0
rs1132899_T,0.0
rs5158_T,0.0
rs79429216_A,0.0
rs76214972_G,0.0
rs112784534_T,0.0
rs71352241_T,0.0
rs59859410_G,0.0
rs73045696_C,0.0
rs35336243_T,0.0
rs34041051_C,0.0
rs73045691_A,0.0
rs4263041_G,0.0
rs7254133_T,0.0
rs56131196_A,0.0
rs74924179_C,0.0
rs73033507_T,0.0
rs60049679_C,0.0
rs71352239_T,0.0
rs4803772_T,0.0
rs66626994_A,0.0
rs117664574_G,0.0
rs4803770_G,0.0
rs111789331_A,0.0
rs141622900_A,0.0
rs157595_A,0.0
rs157594_T,0.0
rs78959900_A,0.0
rs4420638_G,0.0
rs114533385_T,0.0
rs2344100_T,0.0
rs6012571_G,0.0
rs8122126_C,0.0
rs76487248_A,0.0
rs76972613_A,0.0
rs17785805_G,0.0
rs17785799_T,0.0
rs6019534_G,0.0
rs6019533_T,0.0
rs6019532_T,0.0
rs6012560_T,0.0
rs6139114_G,0.0
rs6139113_T,0.0
rs75463276_G,0.0
rs759818_A,0.0
rs2781753_C,0.0
rs35112940_A,0.0
rs1354106_G,0.0
rs34813869_G,0.0
rs33978622_C,0.0
rs7245846_A,0.0
rs2455069_G,0.0
rs12459419_T,0.0
rs2459141_C,0.0
rs3865444_A,0.0
rs1697553_G,0.0
rs1710398_C,0.0
rs1399837_C,0.0
rs6139104_T,0.0
rs62206404_C,0.0
rs11700021_T,0.0
rs11697136_C,0.0
rs11696669_A,0.0
rs11696643_A,0.0
rs11696640_T,0.0
rs11905226_C,0.0
rs11907205_G,0.0
rs6095426_T,0.0
rs1033621_T,0.0
rs1033622_C,0.0
rs6095423_A,0.0
rs62206402_T,0.0
rs749183_C,0.0
rs17723938_G,0.0
rs62206400_G,0.0
rs11697841_T,0.0
rs8118693_C,0.0
rs8122885_T,0.0
rs6019575_A,0.0
rs17785847_G,0.0
rs62206397_T,0.0
rs11698599_A,0.0
rs1569888_C,0.0
rs17723926_A,0.0
rs17723914_A,0.0
rs35201603_G,0.0
rs62206395_A,0.0
rs60566245_A,0.0
rs55681266_A,0.0
rs2070736_C,0.0
rs16980013_T,0.0
rs4802274_G,0.0
rs12611358_A,0.0
rs75987583_T,0.0
rs76320948_T,0.0
rs17878252_A,0.0
rs4802269_G,0.0
rs9797621_A,0.0
rs62111724_C,0.0
rs62109650_T,0.0
rs11083772_T,0.0
rs273640_T,0.0
rs113934205_A,0.0
rs10402243_C,0.0
rs13346504_G,0.0
rs10415949_G,0.0
rs8109532_G,0.0
rs62109569_A,0.0
rs144057986_C,0.0
rs4803824_C,0.0
rs12611268_T,0.0
rs4802258_G,0.0
rs62109565_T,0.0
rs12610995_C,0.0
rs3212930_G,0.0
rs3212965_A,0.0
rs10422253_A,0.0
rs273639_G,0.0
rs273638_G,0.0
rs12609179_G,0.0
rs1566576_T,0.0
rs273634_T,0.0
rs1697573_A,0.0
rs2411329_G,0.0
rs3852865_A,0.0
rs12985029_A,0.0
rs11667167_T,0.0
rs10419722_T,0.0
rs11672116_A,0.0
rs34528093_C,0.0
rs4286201_T,0.0
rs10412574_T,0.0
rs6509237_A,0.0
rs8106955_T,0.0
rs6509236_T,0.0
rs7246123_T,0.0
rs918490_T,0.0
rs73047896_G,0.0
rs56276426_T,0.0
rs4803861_T,0.0
rs56178951_T,0.0
rs4803857_T,0.0
rs56243424_A,0.0
rs10401439_T,0.0
rs4514788_G,0.0
rs17715691_A,0.0
rs111677930_G,0.0
rs6014755_T,0.0
rs6024919_A,0.0
rs6024914_G,0.0
rs6099177_A,0.0
rs6099176_T,0.0
rs6127774_G,0.0
rs1884419_G,0.0
rs6024911_A,0.0
rs2870744_T,0.0
rs910658_T,0.0
rs6099168_T,0.0
rs6092321_G,0.0
rs17785937_C,0.0
rs6127764_C,0.0
rs6127763_C,0.0
rs6014747_T,0.0
rs6024902_A,0.0
rs6014741_C,0.0
rs6064398_G,0.0
rs1884421_G,0.0
rs6064396_A,0.0
rs6069756_T,0.0
rs386274_A,0.0
rs6024888_G,0.0
rs6024883_T,0.0
rs113221226_A,0.0
rs6069749_T,0.0
rs4810020_A,0.0
rs457792_A,0.0
rs4817090_C,0.0
rs465235_G,0.0
rs368196_C,0.0
rs455047_C,0.0
rs12483003_C,0.0
rs2154482_T,0.0
rs2830073_T,0.0
rs2830072_T,0.0
rs62241504_G,0.0
rs8133162_T,0.0
rs62241497_C,0.0
rs62241476_A,0.0
rs6099181_C,0.0
rs3125160_G,0.0
rs62241467_G,0.0
rs62241464_G,0.0
rs8133479_A,0.0
rs138069880_T,0.0
rs62239505_G,0.0
rs62239479_A,0.0
rs75360143_A,0.0
rs2427237_T,0.0
rs6024927_T,0.0
rs2904487_A,0.0
rs4810027_G,0.0
rs4811712_T,0.0
rs1059768_A,0.0
rs10489961_T,0.0
rs6125601_A,0.0
rs62206424_G,0.0
rs62206423_T,0.0
rs62206422_C,0.0
rs6122775_A,0.0
rs6122774_A,0.0
rs11700013_T,0.0
rs6122772_C,0.0
rs6122771_T,0.0
rs6122770_T,0.0
rs11697809_C,0.0
rs11699256_A,0.0
rs11697796_T,0.0
rs6024881_G,0.0
rs11697779_T,0.0
rs11697630_A,0.0
rs62206421_A,0.0
rs6019699_G,0.0
rs6012618_A,0.0
rs62206419_T,0.0
rs62206418_T,0.0
rs62206417_T,0.0
rs6125585_T,0.0
rs4364074_A,0.0
rs4440024_A,0.0
rs62206416_C,0.0
rs6122759_G,0.0
rs62206405_C,0.0
rs11699908_G,0.0
rs16979933_C,0.0
rs927174_C,0.0
rs56012565_A,0.0
rs718022_A,0.0
rs6024870_A,0.0
rs6127748_T,0.0
rs6069737_T,0.0
rs6014722_A,0.0
rs73156368_T,0.0
rs17462136_C,0.0
rs6127744_T,0.0
rs911163_A,0.0
rs6064392_T,0.0
rs6125602_A,0.0
rs1884913_C,0.0
rs6024860_G,0.0
rs6069736_T,0.0
rs6014720_T,0.0
rs6014718_A,0.0
rs6024857_C,0.0
rs461160_C,0.0
rs460744_A,0.0
rs459465_A,0.0
rs28534573_A,0.0
rs56803274_C,0.0
rs6019719_G,0.0
rs6012629_G,0.0
rs6012628_C,0.0
rs6024861_A,0.0
rs151046811_G,0.0
rs189063316_T,0.0
rs11667509_C,0.0
rs3803906_G,0.0
rs8102712_T,0.0
rs11083767_C,0.0
rs11083766_C,0.0
rs6509201_C,0.0
rs8112710_T,0.0
rs8112823_A,0.0
rs346739_C,0.0
rs346738_T,0.0
rs10417555_G,0.0
rs113358271_G,0.0
rs183110257_C,0.0
rs187642654_G,0.0
rs149249954_G,0.0
rs73566293_A,0.0
rs139330969_A,0.0
rs73034875_T,0.0
rs10416346_A,0.0
rs10415983_T,0.0
rs4802250_T,0.0
rs7249570_T,0.0
rs180701077_C,0.0
rs111435864_C,0.0
rs7249082_G,0.0
rs7248787_G,0.0
rs56845483_C,0.0
rs142415915_C,0.0
rs10423753_C,0.0
rs10421938_T,0.0
rs10423031_G,0.0
rs10422797_C,0.0
rs73568222_G,0.0
rs346758_G,0.0
rs346757_C,0.0
rs58213824_T,0.0
rs141681064_T,0.0
rs59356929_C,0.0
rs144619413_C,0.0
rs28564302_G,0.0
rs142428371_T,0.0
rs28645301_C,0.0
rs12978800_T,0.0
rs12978573_T,0.0
rs10407278_A,0.0
rs73034893_T,0.0
rs12461144_T,0.0
rs8109764_A,0.0
rs3826909_A,0.0
rs10415392_T,0.0
rs76738189_C,0.0
rs8100419_G,0.0
rs187458474_A,0.0
rs144670664_T,0.0
rs10420888_G,0.0
rs28607628_A,0.0
rs12463049_G,0.0
rs12462536_G,0.0
rs75858218_T,0.0
rs59839536_C,0.0
rs59678362_T,0.0
rs10415850_T,0.0
rs78979751_C,0.0
rs150685845_G,0.0
rs28367893_A,0.0
rs76971643_A,0.0
rs149553138_A,0.0
rs10417602_T,0.0
rs10416371_C,0.0
rs598183_T,0.0
rs28469095_C,0.0
rs140167268_G,0.0
rs1005451_C,0.0
rs113321260_A,0.0
rs1048699_T,0.0
rs74846209_T,0.0
rs78073763_G,0.0
rs78273125_T,0.0
rs2041262_C,0.0
rs10401823_G,0.0
rs10401157_A,0.0
rs536518226_C,0.0
rs10425074_G,0.0
rs3925162_G,0.0
rs78541786_A,0.0
rs4803806_A,0.0
rs597668_C,0.0
rs2627641_G,0.0
rs595290_C,0.0
rs605003_G,0.0
rs582747_G,0.0
rs606757_C,0.0
rs8105818_T,0.0
rs620807_G,0.0
rs9676738_A,0.0
rs8113128_C,0.0
rs11673520_C,0.0
rs3848526_T,0.0
rs12463106_T,0.0
rs73034856_C,0.0
rs58819137_C,0.0
rs57355367_G,0.0
rs60286743_C,0.0
rs73566243_A,0.0
rs149495476_T,0.0
rs10469272_A,0.0
rs8113514_G,0.0
rs111243475_T,0.0
rs77310255_G,0.0
rs80012930_C,0.0
rs75348771_C,0.0
rs78144257_T,0.0
rs12461027_A,0.0
rs117783785_G,0.0
rs12972985_T,0.0
rs117501883_A,0.0
rs62111442_T,0.0
rs7252037_T,0.0
rs12981382_G,0.0
rs73034753_T,0.0
rs12975413_C,0.0
rs12973593_T,0.0
rs12973246_A,0.0
rs10408907_G,0.0
rs117848489_T,0.0
rs123187_A,0.0
rs7247937_C,0.0
rs146871722_G,0.0
rs6509208_A,0.0
rs344819_G,0.0
rs141808578_A,0.0
rs56175209_A,0.0
rs139153395_C,0.0
rs344805_T,0.0
rs138689446_A,0.0
rs56384559_G,0.0
rs149842462_C,0.0
rs73036569_C,0.0
rs141730068_T,0.0
rs73036567_C,0.0
rs56378018_A,0.0
rs73036560_T,0.0
rs10410448_G,0.0
rs8099946_C,0.0
rs4803818_T,0.0
rs28867410_T,0.0
rs62109562_G,0.0
rs12984195_C,0.0
rs12984194_A,0.0
rs12983892_C,0.0
rs3212985_G,0.0
rs545753812_G,0.0
rs8110822_T,0.0
rs2017154_G,0.0
rs10417235_C,0.0
rs76692930_T,0.0
rs77988534_C,0.0
rs1618536_T,0.0
rs3916801_A,0.0
rs3916806_A,0.0
rs3916808_A,0.0
rs9676583_C,0.0
rs3916809_A,0.0
rs238407_T,0.0
rs238406_T,0.0
rs238405_A,0.0
rs238404_C,0.0
rs238403_T,0.0
rs171140_C,0.0
rs62112764_A,0.0
rs60965744_G,0.0
rs1799783_C,0.0
rs8112342_T,0.0
rs8109063_C,0.0
rs346764_A,0.0
rs346763_A,0.0
rs35087817_T,0.0
rs346762_C,0.0
rs57403313_A,0.0
rs10412857_G,0.0
rs10412614_C,0.0
rs346761_G,0.0
rs10412154_C,0.0
rs10411743_C,0.0
rs10410561_A,0.0
rs141625703_T,0.0
rs10411314_C,0.0
rs10409909_A,0.0
rs10403626_T,0.0
rs10405194_A,0.0
rs11881161_C,0.0
rs114034486_G,0.0
rs115000917_T,0.0
rs111462669_A,0.0
rs112668741_G,0.0
rs112909419_A,0.0
rs111691933_G,0.0
rs143154520_A,0.0
rs112759099_G,0.0
rs113045530_G,0.0
rs10410003_T,0.0
rs73036548_G,0.0
rs77281017_T,0.0
rs138960764_T,0.0
rs56170641_A,0.0
rs56265329_T,0.0
rs73036524_C,0.0
rs73036522_G,0.0
rs137952694_G,0.0
rs115751160_T,0.0
rs77155721_T,0.0
rs139272957_A,0.0
rs80165327_A,0.0
rs149724260_C,0.0
rs140223654_T,0.0
rs112405270_T,0.0
rs11667829_A,0.0
rs138339429_T,0.0
rs62118504_G,0.0
rs346751_C,0.0
rs10402739_A,0.0
rs8110977_T,0.0
rs346773_T,0.0
rs148613044_A,0.0
rs346771_C,0.0
rs58258155_T,0.0
rs140013593_A,0.0
rs56187099_A,0.0
rs141492594_T,0.0
rs61463967_A,0.0
rs138871575_T,0.0
rs244378_T,0.0
rs171515_A,0.0
rs10515089_G,0.0
rs1385294_A,0.0
rs17210022_C,0.0
rs78136893_G,0.0
rs1156789_G,0.0
rs12452642_T,0.0
rs7215640_A,0.0
rs4987082_C,0.0
rs2671659_A,0.0
rs2671657_A,0.0
rs2584661_A,0.0
rs2436475_C,0.0
rs9916130_G,0.0
rs2412099_A,0.0
rs2584663_A,0.0
rs2671654_G,0.0
rs76026873_C,0.0
rs28394864_A,0.0
rs7209400_C,0.0
rs2119931_A,0.0
rs11652146_G,0.0
rs35822701_C,0.0
rs34255993_A,0.0
rs12185242_C,0.0
rs4390639_C,0.0
rs12948660_C,0.0
rs2584662_C,0.0
rs4327_G,0.0
rs4326_A,0.0
rs4325_A,0.0
rs4324_G,0.0
rs4323_T,0.0
rs4321_C,0.0
rs4320_A,0.0
rs4316_T,0.0
rs4311_T,0.0
rs4309_T,0.0
rs4308_A,0.0
rs4295_C,0.0
rs4293_G,0.0
rs244359_G,0.0
rs4291_T,0.0
rs4968783_C,0.0
rs4459609_C,0.0
rs4277405_C,0.0
rs4968782_G,0.0
rs8077276_G,0.0
rs6504163_C,0.0
rs9896864_G,0.0
rs2680702_G,0.0
rs2632527_G,0.0
rs2526377_G,0.0
rs2632516_C,0.0
rs2526378_G,0.0
rs2526380_G,0.0
rs4292_C,0.0
rs850521_G,0.0
rs663576_C,0.0
rs619726_A,0.0
rs34367165_A,0.0
rs646876_C,0.0
rs9895945_G,0.0
rs72699_G,0.0
rs686112_T,0.0
rs11079866_T,0.0
rs4277393_T,0.0
rs12952749_A,0.0
rs9916779_A,0.0
rs12601665_G,0.0
rs12951873_C,0.0
rs7216884_A,0.0
rs79006836_A,0.0
rs11654776_T,0.0
rs74584378_T,0.0
rs78551693_T,0.0
rs9889994_A,0.0
rs9896800_C,0.0
rs623682_T,0.0
rs16947151_G,0.0
rs7219226_C,0.0
rs634370_A,0.0
rs5848_T,0.0
rs150088666_A,0.0
rs56085912_A,0.0
rs850522_G,0.0
rs17709919_G,0.0
rs2906093_A,0.0
rs2960164_T,0.0
rs2906101_T,0.0
rs2072153_C,0.0
rs7214496_G,0.0
rs2960172_A,0.0
rs2960169_A,0.0
rs2960168_G,0.0
rs2906100_T,0.0
rs12942379_T,0.0
rs4794034_G,0.0
rs11079868_A,0.0
rs850520_A,0.0
rs12602382_A,0.0
rs2107634_A,0.0
rs1124881_G,0.0
rs7406234_T,0.0
rs7225606_A,0.0
rs4794032_C,0.0
rs11655466_T,0.0
rs2411977_T,0.0
rs12940278_C,0.0
rs4794031_C,0.0
rs4793614_T,0.0
rs9899665_T,0.0
rs1010322_C,0.0
rs12948327_T,0.0
rs57345398_G,0.0
rs113337161_T,0.0
rs3752241_G,0.0
rs12151021_A,0.0
rs67027268_A,0.0
rs76348507_A,0.0
rs78410552_T,0.0
rs73505217_G,0.0
rs4147911_G,0.0
rs3752239_C,0.0
rs4147910_G,0.0
rs3764650_G,0.0
rs72973584_T,0.0
rs3752233_A,0.0
rs4329_G,0.0
rs4147907_A,0.0
rs113767014_G,0.0
rs4622634_C,0.0
rs3752231_T,0.0
rs3752230_G,0.0
rs11672201_G,0.0
rs3764645_G,0.0
rs3764644_T,0.0
rs3752229_G,0.0
rs3764643_A,0.0
rs3795066_C,0.0
rs72973575_A,0.0
rs3795065_C,0.0
rs111278892_G,0.0
rs4147909_T,0.0
rs11672913_T,0.0
rs56094126_T,0.0
rs74974947_A,0.0
rs113549007_T,0.0
rs13344607_G,0.0
rs12982937_T,0.0
rs10409589_T,0.0
rs7359949_A,0.0
rs2291142_T,0.0
rs10405052_C,0.0
rs8110234_T,0.0
rs73546209_A,0.0
rs11666210_A,0.0
rs3752246_G,0.0
rs2249152_T,0.0
rs2074453_C,0.0
rs117760583_T,0.0
rs11084879_T,0.0
rs77131765_C,0.0
rs4147929_A,0.0
rs4147921_C,0.0
rs4147920_C,0.0
rs4147919_G,0.0
rs149833416_G,0.0
rs77713912_A,0.0
rs76527008_A,0.0
rs4147918_G,0.0
rs4147916_A,0.0
rs35218861_T,0.0
rs113701968_T,0.0
rs7240124_A,0.0
rs12961032_G,0.0
rs9954737_T,0.0
rs192187487_A,0.0
rs2619973_T,0.0
rs2683162_T,0.0
rs2683163_C,0.0
rs2620033_A,0.0
rs2620032_T,0.0
rs2620018_T,0.0
rs137901304_T,0.0
rs117336153_T,0.0
rs4807468_G,0.0
rs7502639_A,0.0
rs4461142_T,0.0
rs4280313_G,0.0
rs12449782_A,0.0
rs4363_A,0.0
rs4359_C,0.0
rs4353_G,0.0
rs4351_A,0.0
rs4344_A,0.0
rs4341_C,0.0
rs1987692_A,0.0
rs4335_A,0.0
rs4332_C,0.0
rs4331_G,0.0
rs4968653_T,0.0
rs1057874_C,0.0
rs3087680_C,0.0
rs2070217_G,0.0
rs72618590_T,0.0
rs72973561_T,0.0
rs111525696_G,0.0
rs113353568_A,0.0
rs11665845_A,0.0
rs11670441_T,0.0
rs11672975_A,0.0
rs11667191_A,0.0
rs11670373_T,0.0
rs11670349_T,0.0
rs112482387_G,0.0
rs2304260_A,0.0
rs112340731_G,0.0
rs1141534_T,0.0
rs75364577_A,0.0
rs8111988_A,0.0
rs8100672_T,0.0
rs2189526_T,0.0
rs8108847_G,0.0
rs1058506_G,0.0
rs12710103_T,0.0
rs3815170_A,0.0
rs11672715_C,0.0
rs10469327_C,0.0
rs2850444_A,0.0
rs11672916_C,0.0
rs8076995_T,0.0
rs3786046_T,0.0
rs17707385_C,0.0
rs3809846_C,0.0
rs113536807_G,0.0
rs16954309_C,0.0
rs17633650_T,0.0
rs17706762_T,0.0
rs111930594_C,0.0
rs72835090_T,0.0
rs72835086_C,0.0
rs111454129_C,0.0
rs112718881_T,0.0
rs8071238_C,0.0
rs72835079_T,0.0
rs113426708_A,0.0
rs72835073_G,0.0
rs72835072_T,0.0
rs72835069_A,0.0
rs8081611_C,0.0
rs8077580_G,0.0
rs112745851_T,0.0
rs16954243_T,0.0
rs7214776_C,0.0
rs7214599_C,0.0
rs7210187_G,0.0
rs7208208_C,0.0
rs7209390_T,0.0
rs1567238_T,0.0
rs112429317_A,0.0
rs9916042_A,0.0
rs3892463_C,0.0
rs111566368_C,0.0
rs72828889_T,0.0
rs7209200_T,0.0
rs8069681_T,0.0
rs12452057_A,0.0
rs9893471_C,0.0
rs113371019_T,0.0
rs8064498_T,0.0
rs16954365_G,0.0
rs9911764_T,0.0
rs56268102_C,0.0
rs6502836_T,0.0
rs4389189_T,0.0
rs487622_A,0.0
rs12325828_T,0.0
rs12325720_C,0.0
rs112466593_A,0.0
rs401742_G,0.0
rs411799_A,0.0
rs11867584_T,0.0
rs56195654_G,0.0
rs56263450_C,0.0
rs72822614_A,0.0
rs112738163_A,0.0
rs3744704_T,0.0
rs8071989_C,0.0
rs113457177_C,0.0
rs8070572_C,0.0
rs8066138_C,0.0
rs76031775_T,0.0
rs76753015_A,0.0
rs8078887_T,0.0
rs75604955_A,0.0
rs8078173_C,0.0
rs16954223_C,0.0
rs111985639_C,0.0
rs8067447_T,0.0
rs72835024_T,0.0
rs72835023_T,0.0
rs7208165_A,0.0
rs72835021_G,0.0
rs72835018_C,0.0
rs72835017_G,0.0
rs72835016_C,0.0
rs7218130_G,0.0
rs72835015_C,0.0
rs72835014_T,0.0
rs72835013_C,0.0
rs72835012_G,0.0
rs28881014_T,0.0
rs4790615_T,0.0
rs6502781_A,0.0
rs3785966_C,0.0
rs3785967_G,0.0
rs72835022_C,0.0
rs72835064_T,0.0
rs75602583_C,0.0
rs74574706_T,0.0
rs34461890_C,0.0
rs2302315_A,0.0
rs72835061_A,0.0
rs72835059_A,0.0
rs79436576_T,0.0
rs55681486_C,0.0
rs56067981_A,0.0
rs78767298_T,0.0
rs2302321_A,0.0
rs140874286_A,0.0
rs72835035_T,0.0
rs142531662_C,0.0
rs145519071_C,0.0
rs142929928_G,0.0
rs72835045_A,0.0
rs111867243_A,0.0
rs72835043_G,0.0
rs12150370_C,0.0
rs72835040_A,0.0
rs72835039_T,0.0
rs8077448_A,0.0
rs8077447_A,0.0
rs74548398_A,0.0
rs8069217_T,0.0
rs3893284_A,0.0
rs145035851_T,0.0
rs56125028_A,0.0
rs59587437_G,0.0
rs80075981_A,0.0
rs74742027_G,0.0
rs79892880_T,0.0
rs79989488_C,0.0
rs77752862_T,0.0
rs11078558_A,0.0
rs55816413_T,0.0
rs56021832_A,0.0
rs16954523_G,0.0
rs112764240_C,0.0
rs76253980_A,0.0
rs9898019_T,0.0
rs12602829_G,0.0
rs79970806_T,0.0
rs112809920_T,0.0
rs76420897_A,0.0
rs112065650_T,0.0
rs80172399_G,0.0
rs8077567_C,0.0
rs113151753_G,0.0
rs77318561_G,0.0
rs56117162_A,0.0
rs78531165_C,0.0
rs61481506_C,0.0
rs113806568_T,0.0
rs72479703_G,0.0
rs1046368_A,0.0
rs72839527_C,0.0
rs7215336_C,0.0
rs55910656_A,0.0
rs76418084_C,0.0
rs78813154_T,0.0
rs75367124_A,0.0
rs75855990_A,0.0
rs56176579_T,0.0
rs112918260_G,0.0
rs75754694_G,0.0
rs16954560_G,0.0
rs16954552_G,0.0
rs16954548_G,0.0
rs55993740_A,0.0
rs112888134_A,0.0
rs55913010_G,0.0
rs79346409_T,0.0
rs12602528_A,0.0
rs59277121_A,0.0
rs57638638_A,0.0
rs78650284_G,0.0
rs75262874_A,0.0
rs112421661_T,0.0
rs75368907_G,0.0
rs111756829_A,0.0
rs12600505_T,0.0
rs112572092_T,0.0
rs55947703_G,0.0
rs12601720_T,0.0
rs8065031_A,0.0
rs7502608_A,0.0
rs61745111_T,0.0
rs61740308_A,0.0
rs3213878_T,0.0
rs3887943_G,0.0
rs111575757_T,0.0
rs3887446_T,0.0
rs56036146_A,0.0
rs112362507_A,0.0
rs6502844_C,0.0
rs56197642_G,0.0
rs73976311_G,0.0
rs35601138_C,0.0
rs56229705_A,0.0
rs55777955_A,0.0
rs73976310_A,0.0
rs112350552_T,0.0
rs3845261_T,0.0
rs56377155_A,0.0
rs55922100_T,0.0
rs73976308_G,0.0
rs56152541_C,0.0
rs1047966_T,0.0
rs3744708_G,0.0
rs8074081_A,0.0
rs10438722_C,0.0
rs6502840_T,0.0
rs1054697_T,0.0
rs2439938_A,0.0
rs4456560_T,0.0
rs58124010_T,0.0
rs57402520_A,0.0
rs113260531_A,0.0
rs75511804_T,0.0
rs7225151_A,0.0
rs7224679_G,0.0
rs78015303_A,0.0
rs113762960_A,0.0
rs73976325_A,0.0
rs77493189_G,0.0
rs7502862_A,0.0
rs113581830_G,0.0
rs56143992_G,0.0
rs111996834_A,0.0
rs113607145_A,0.0
rs75628861_C,0.0
rs8081019_T,0.0
rs113521847_A,0.0
rs113001179_C,0.0
rs934631_C,0.0
rs3816913_G,0.0
rs55756850_A,0.0
rs34716007_A,0.0
rs78064492_T,0.0
rs76396561_C,0.0
rs77087332_C,0.0
rs112209972_C,0.0
rs78538460_C,0.0
rs10408993_C,0.0
rs73572006_G,0.0
rs10418198_A,0.0
rs2967668_G,0.0
rs143695016_T,0.0
rs111794050_G,0.0
rs73572003_G,0.0
rs2965112_G,0.0
rs2967669_G,0.0
rs2965113_C,0.0
rs116490343_T,0.0
rs116700999_G,0.0
rs78253907_A,0.0
rs8101554_C,0.0
rs28534944_C,0.0
rs76560105_T,0.0
rs10420519_T,0.0
rs10419669_A,0.0
rs2889414_G,0.0
rs1903830_C,0.0
rs116023028_T,0.0
rs2965118_G,0.0
rs149544052_G,0.0
rs2965121_A,0.0
rs2927447_C,0.0
rs2927448_T,0.0
rs4803756_G,0.0
rs2965143_G,0.0
rs116306535_T,0.0
rs28399662_A,0.0
rs28399661_C,0.0
rs28399660_G,0.0
rs28399659_T,0.0
rs28399658_T,0.0
rs1135062_G,0.0
rs117737673_T,0.0
rs111548706_T,0.0
rs118147862_A,0.0
rs28399657_G,0.0
rs2968180_T,0.0
rs3810140_T,0.0
rs3810141_T,0.0
rs140086276_G,0.0
rs528070791_G,0.0
rs28399653_A,0.0
rs7249750_T,0.0
rs2927477_C,0.0
rs2967671_G,0.0
rs8113171_C,0.0
rs2927478_T,0.0
rs28399596_A,0.0
rs2927479_T,0.0
rs76076688_A,0.0
rs112619823_A,0.0
rs35371096_T,0.0
rs76381342_C,0.0
rs1075643_A,0.0
rs28399654_A,0.0
rs1531517_A,0.0
rs2927437_A,0.0
rs55923289_C,0.0
rs17728272_T,0.0
rs77775146_G,0.0
rs59170622_A,0.0
rs56702353_A,0.0
rs62117162_A,0.0
rs2927436_G,0.0
rs2965101_C,0.0
rs2927434_T,0.0
rs17658713_G,0.0
rs56978169_T,0.0
rs2927451_G,0.0
rs10405071_A,0.0
rs2965103_T,0.0
rs80307900_C,0.0
rs2965104_G,0.0
rs2965105_C,0.0
rs8108110_A,0.0
rs8104467_A,0.0
rs8104548_G,0.0
rs62117160_A,0.0
rs1551891_A,0.0
rs2927488_A,0.0
rs7254776_C,0.0
rs2927487_G,0.0
rs11673631_C,0.0
rs2965102_T,0.0
rs2927455_C,0.0
rs2965133_T,0.0
rs2965131_C,0.0
rs145414981_C,0.0
rs112447413_C,0.0
rs111974999_C,0.0
rs10416720_T,0.0
rs2006134_T,0.0
rs34967149_T,0.0
rs11880948_C,0.0
rs2927456_A,0.0
rs1979377_C,0.0
rs28363848_T,0.0
rs2927439_G,0.0
rs62117205_C,0.0
rs8103315_A,0.0
rs8100197_A,0.0
rs10401176_T,0.0
rs8100239_A,0.0
rs7257231_A,0.0
rs2965169_C,0.0
rs12459810_T,0.0
rs4803750_G,0.0
rs4803749_C,0.0
rs4803748_T,0.0
rs34698726_T,0.0
rs11668303_G,0.0
rs62117204_T,0.0
rs62117206_C,0.0
rs4803763_C,0.0
rs35396326_G,0.0
rs73050205_A,0.0
rs2972558_C,0.0
rs4802241_C,0.0
rs2972559_G,0.0
rs149661872_T,0.0
rs76205446_A,0.0
rs2972566_G,0.0
rs1531516_G,0.0
rs4802240_T,0.0
rs12974942_T,0.0
rs7255063_C,0.0
rs28399635_G,0.0
rs2972569_A,0.0
rs1871047_G,0.0
rs41289512_G,0.0
rs3810143_C,0.0
rs2927472_T,0.0
rs77241309_C,0.0
rs12162222_T,0.0
rs10426423_T,0.0
rs4452060_A,0.0
rs41289510_A,0.0
rs11668738_T,0.0
rs1001611_A,0.0
rs148601586_G,0.0
rs1985096_A,0.0
rs1871046_C,0.0
rs555608_G,0.0
rs395710_G,0.0
rs395683_G,0.0
rs411856_T,0.0
rs138607350_G,0.0
rs384973_G,0.0
rs12978931_G,0.0
rs12610257_T,0.0
rs403155_T,0.0
rs387369_A,0.0
rs454050_A,0.0
rs377702_A,0.0
rs2436474_T,0.0
rs4803764_C,0.0
rs418227_C,0.0
rs365653_G,0.0
rs411920_C,0.0
rs440277_A,0.0
rs8112526_A,0.0
rs2972557_G,0.0
rs375972689_G,0.0
rs12462573_A,0.0
rs41289514_G,0.0
rs56317818_T,0.0
rs12981508_A,0.0
rs7249933_T,0.0
rs143459034_T,0.0
rs2927468_A,0.0
rs417193_C,0.0
rs7359852_C,0.0
rs2972555_G,0.0
rs4803760_T,0.0
rs1551890_G,0.0
rs34978331_C,0.0
rs11669415_A,0.0
rs4802238_T,0.0
rs112262807_T,0.0
rs6509173_A,0.0
rs78986976_A,0.0
rs10402524_C,0.0
rs10402271_G,0.0
rs58446550_A,0.0
rs111371860_T,0.0
rs58132661_T,0.0
rs4803759_T,0.0
rs10412413_T,0.0
rs1871045_T,0.0
rs10405693_T,0.0
rs10406338_C,0.0
rs8113311_T,0.0
rs6509172_T,0.0
rs8112196_A,0.0
rs28399641_T,0.0
rs28399664_G,0.0
rs7026_T,0.0
rs28399637_A,0.0
rs28399663_T,0.0
rs58826447_A,0.0
rs2376518_T,0.0
rs2199576_G,0.0
rs2199575_A,0.0
rs61642202_C,0.0
rs28615360_A,0.0
rs2972562_G,0.0
rs55840414_A,0.0
rs1466435_C,0.0
rs73572039_T,0.0
rs4599021_A,0.0
rs10407439_A,0.0
rs12459575_A,0.0
rs10415074_C,0.0
rs12462274_G,0.0
rs3021439_A,0.0
rs73048293_A,0.0
rs10409208_C,0.0
rs2927482_G,0.0
rs34374273_A,0.0
rs73048288_C,0.0
rs4605275_T,0.0
rs4369782_A,0.0
rs147711004_A,0.0
rs12976241_T,0.0
rs11667253_C,0.0
rs11667241_C,0.0
rs2927480_C,0.0
rs2927481_A,0.0
rs35741123_C,0.0
rs35182466_C,0.0
rs1661199_G,0.0
rs1661200_T,0.0
rs1727776_G,0.0
rs1661201_G,0.0
rs12973386_G,0.0
rs12984807_T,0.0
rs1441619_T,0.0
rs4468734_A,0.0
rs35259453_C,0.0
rs846870_T,0.0
rs73048313_A,0.0
rs11669005_G,0.0
rs55848260_G,0.0
rs2965109_T,0.0
rs846876_C,0.0
rs846879_G,0.0
rs846881_C,0.0
rs846848_G,0.0
rs11083742_G,0.0
rs1727762_G,0.0
rs59473574_A,0.0
rs12459712_G,0.0
rs1727760_T,0.0
rs1727759_C,0.0
rs1727757_A,0.0
rs6509165_T,0.0
rs7257289_G,0.0
rs7256761_C,0.0
rs55972177_T,0.0
rs2165537_G,0.0
rs62119266_C,0.0
rs12983889_G,0.0
rs11670070_T,0.0
rs62119264_G,0.0
rs117314554_A,0.0
rs11668972_A,0.0
rs11671606_T,0.0
rs11083743_C,0.0
rs11882134_A,0.0
rs62119261_C,0.0
rs58289141_G,0.0
rs12982815_T,0.0
rs1661198_C,0.0
rs12982081_A,0.0
rs61388286_G,0.0
rs7256844_C,0.0
rs12985991_T,0.0
rs2357101_A,0.0
rs58620766_T,0.0
rs1727779_T,0.0
rs1727778_C,0.0
rs1661197_A,0.0
rs8108460_A,0.0
rs2854641_A,0.0
rs35051225_C,0.0
rs6509167_T,0.0
rs1727777_C,0.0
rs7259313_C,0.0
rs8111664_A,0.0
rs10421887_A,0.0
rs61138927_A,0.0
rs12460161_C,0.0
rs8104447_C,0.0
rs62116961_C,0.0
rs56681946_C,0.0
rs56344893_A,0.0
rs11879798_A,0.0
rs140388093_C,0.0
rs147698232_G,0.0
rs55885266_A,0.0
rs55856492_T,0.0
rs1727756_A,0.0
rs73035918_C,0.0
rs11673027_G,0.0
rs7253575_T,0.0
rs55658896_G,0.0
rs11672651_T,0.0
rs1972537_G,0.0
rs8103033_A,0.0
rs251905_G,0.0
rs774916_T,0.0
rs774917_A,0.0
rs8113166_A,0.0
rs8112940_A,0.0
rs11086109_C,0.0
rs3859570_C,0.0
rs11667119_A,0.0
rs1727755_A,0.0
rs7258420_A,0.0
rs62116959_G,0.0
rs7254730_C,0.0
rs1727753_G,0.0
rs957304_T,0.0
rs1629869_C,0.0
rs12461127_T,0.0
rs1661167_G,0.0
rs75161053_A,0.0
rs1661173_C,0.0
rs1661174_C,0.0
rs117483679_A,0.0
rs10422990_C,0.0
rs62116944_G,0.0
rs62116943_A,0.0
rs62116942_T,0.0
rs62116941_A,0.0
rs62116940_G,0.0
rs80257887_A,0.0
rs55771561_G,0.0
rs73041616_T,0.0
rs78187790_A,0.0
rs73037644_A,0.0
rs445752_G,0.0
rs10426528_T,0.0
rs11671215_G,0.0
rs10405457_G,0.0
rs62116945_A,0.0
rs55952629_T,0.0
rs58522314_G,0.0
rs62120578_G,0.0
rs62120576_C,0.0
rs9973305_T,0.0
rs9973286_G,0.0
rs61744497_T,0.0
rs10403682_T,0.0
rs2919847_A,0.0
rs2965164_T,0.0
rs12150984_A,0.0
rs80000866_T,0.0
rs75974038_T,0.0
rs846866_A,0.0
rs2965162_T,0.0
rs10422568_T,0.0
rs62120565_C,0.0
rs73568038_C,0.0
rs76670936_A,0.0
rs16979372_G,0.0
rs147424543_T,0.0
rs62119330_G,0.0
rs8104660_T,0.0
rs10423310_C,0.0
rs10422113_T,0.0
rs10421283_G,0.0
rs4275951_T,0.0
rs2289495_C,0.0
rs73035597_T,0.0
rs4802235_T,0.0
rs111740474_A,0.0
rs11671175_G,0.0
rs73037426_C,0.0
rs79638902_T,0.0
rs56198711_T,0.0
rs11881756_C,0.0
rs62120584_A,0.0
rs57090948_C,0.0
rs58500115_T,0.0
rs113670196_C,0.0
rs74561933_G,0.0
rs60248451_A,0.0
rs146616313_G,0.0
rs3201345_T,0.0
rs1137571_A,0.0
rs1137572_A,0.0
rs77751556_C,0.0
rs77229005_G,0.0
rs75972892_C,0.0
rs75573995_G,0.0
rs76419583_C,0.0
rs78358160_C,0.0
rs74862042_C,0.0
rs4398192_G,0.0
rs9973228_A,0.0
rs4516335_C,0.0
rs4600571_T,0.0
rs57172082_T,0.0
rs2301275_G,0.0
rs2301274_C,0.0
rs7255066_C,0.0
rs7250339_G,0.0
rs3760624_C,0.0
rs7260482_C,0.0
rs62119281_T,0.0
rs10419829_T,0.0
rs59328593_A,0.0
rs34537198_A,0.0
rs10460182_C,0.0
rs10460181_G,0.0
rs13344893_T,0.0
rs62119328_G,0.0
rs62119276_T,0.0
rs60570899_G,0.0
rs60519804_C,0.0
rs59669162_G,0.0
rs59451830_T,0.0
rs58967105_A,0.0
rs62119270_T,0.0
rs12971689_A,0.0
rs35823804_A,0.0
rs34817927_T,0.0
rs12985368_T,0.0
rs12978272_T,0.0
rs12979820_C,0.0
rs12977255_G,0.0
rs13344267_C,0.0
rs2919845_A,0.0
rs2965157_C,0.0
rs28807203_C,0.0
rs56210316_G,0.0
rs111780744_T,0.0
rs714948_A,0.0
rs2272021_G,0.0
rs754340_C,0.0
rs10411273_A,0.0
rs35385129_A,0.0
rs203709_A,0.0
rs10410651_C,0.0
rs35739046_A,0.0
rs60948164_T,0.0
rs11540084_T,0.0
rs10422182_C,0.0
rs28714160_T,0.0
rs3786495_C,0.0
rs8108587_T,0.0
rs10410915_A,0.0
rs8111946_C,0.0
rs10420920_G,0.0
rs147026109_C,0.0
rs60052241_A,0.0
rs1058402_A,0.0
rs28483039_A,0.0
rs62119283_G,0.0
rs28411142_T,0.0
rs10426401_G,0.0
rs6509170_A,0.0
rs28688349_T,0.0
rs7692142_T,0.0
rs4834168_A,0.0
rs1112109_C,0.0
rs17594556_C,0.0
rs17044196_T,0.0
rs11098140_T,0.0
rs10011795_C,0.0
rs4834158_A,0.0
rs6533593_G,0.0
rs7660213_A,0.0
rs28475005_A,0.0
rs11930341_T,0.0
rs77568655_A,0.0
rs7665276_G,0.0
rs1865739_C,0.0
rs7692924_T,0.0
rs10015781_A,0.0
rs7680714_T,0.0
rs7680713_T,0.0
rs2117923_T,0.0
rs10004310_T,0.0
rs3850486_G,0.0
rs3861770_C,0.0
rs9985841_T,0.0
rs66504236_G,0.0
rs4834123_T,0.0
rs10001312_C,0.0
rs1836803_A,0.0
rs28620296_C,0.0
rs4834190_A,0.0
rs1369829_A,0.0
rs6533594_T,0.0
rs1436135_T,0.0
rs7691060_A,0.0
rs7686159_C,0.0
rs28733716_T,0.0
rs4240282_T,0.0
rs12510220_C,0.0
rs28793891_A,0.0
rs113403867_T,0.0
rs17044203_T,0.0
rs28687879_C,0.0
rs12511467_C,0.0
rs28493405_A,0.0
rs4591674_C,0.0
rs10006737_C,0.0
rs12506001_G,0.0
rs1898181_T,0.0
rs28857553_C,0.0
rs7691636_T,0.0
rs1369827_T,0.0
rs28636611_T,0.0
rs7655589_C,0.0
rs7683448_C,0.0
rs11098141_T,0.0
rs1436134_A,0.0
rs794094_C,0.0
rs533398_C,0.0
rs571642_G,0.0
rs502746_G,0.0
rs498149_G,0.0
rs545891_G,0.0
rs557282_C,0.0
rs516787_A,0.0
rs492134_G,0.0
rs551142_C,0.0
rs554672_T,0.0
rs540100_A,0.0
rs482251_G,0.0
rs4834121_G,0.0
rs484112_T,0.0
rs489761_G,0.0
rs515401_C,0.0
rs515454_A,0.0
rs551256_C,0.0
rs543907_T,0.0
rs576093_G,0.0
rs490661_G,0.0
rs1492502_G,0.0
rs13134197_T,0.0
rs62298708_C,0.0
rs13133301_T,0.0
rs13133131_T,0.0
rs579338_C,0.0
rs10857016_C,0.0
rs28455934_G,0.0
rs3910431_A,0.0
rs1989207_T,0.0
rs17627526_C,0.0
rs3850483_A,0.0
rs3850482_C,0.0
rs6533587_A,0.0
rs6533586_T,0.0
rs4834118_C,0.0
rs3850481_A,0.0
rs28671692_C,0.0
rs28694248_A,0.0
rs477315_C,0.0
rs35918738_C,0.0
rs28613604_G,0.0
rs6846475_A,0.0
rs356182_G,0.0
rs28376865_C,0.0
rs11933257_C,0.0
rs116366184_G,0.0
rs138096811_C,0.0
rs13120073_C,0.0
rs13127636_T,0.0
rs116468401_A,0.0
rs139230370_T,0.0
rs493198_C,0.0
rs518592_G,0.0
rs10023485_G,0.0
rs13190586_A,0.0
rs79731375_G,0.0
rs34286825_A,0.0
rs35375564_T,0.0
rs35155855_C,0.0
rs35762887_A,0.0
rs13190128_C,0.0
rs13179638_C,0.0
rs13188642_A,0.0
rs34006305_A,0.0
rs35408097_A,0.0
rs35916537_T,0.0
rs71636211_A,0.0
rs7665720_T,0.0
rs72776301_T,0.0
rs34844945_G,0.0
rs35242457_A,0.0
rs67405165_C,0.0
rs17201222_G,0.0
rs35122945_C,0.0
rs149547561_T,0.0
rs56209232_T,0.0
rs11567698_G,0.0
rs11567697_G,0.0
rs3100963_A,0.0
rs870347_C,0.0
rs2644919_A,0.0
rs148631534_T,0.0
rs62375360_C,0.0
rs62374259_T,0.0
rs62374257_C,0.0
rs10068419_G,0.0
rs10050684_A,0.0
rs2452761_T,0.0
rs7714020_G,0.0
rs2452760_A,0.0
rs2452759_A,0.0
rs2452758_G,0.0
rs17206516_G,0.0
rs72768117_T,0.0
rs2047589_A,0.0
rs35720953_G,0.0
rs13175768_C,0.0
rs35271976_T,0.0
rs35162143_A,0.0
rs79148113_C,0.0
rs75418318_G,0.0
rs13153456_C,0.0
rs35860790_T,0.0
rs17260885_T,0.0
rs34325845_T,0.0
rs34700139_T,0.0
rs35327965_T,0.0
rs71636213_G,0.0
rs35351510_G,0.0
rs13179394_T,0.0
rs71636215_A,0.0
rs61130306_G,0.0
rs10027758_T,0.0
rs4833392_C,0.0
rs9995910_C,0.0
rs9990931_C,0.0
rs12646038_T,0.0
rs1968489_C,0.0
rs12644031_A,0.0
rs4833379_G,0.0
rs4834204_A,0.0
rs28663447_A,0.0
rs28451972_C,0.0
rs6839259_G,0.0
rs77400984_T,0.0
rs10155495_A,0.0
rs11098143_T,0.0
rs28441652_G,0.0
rs9996547_C,0.0
rs10027014_A,0.0
rs10004030_G,0.0
rs4834195_G,0.0
rs10000873_G,0.0
rs11098142_G,0.0
rs12499502_G,0.0
rs12510412_C,0.0
rs9307378_G,0.0
rs10027964_A,0.0
rs10008366_G,0.0
rs10155491_T,0.0
rs115964041_C,0.0
rs72687767_G,0.0
rs187838856_C,0.0
rs72687766_C,0.0
rs11930332_T,0.0
rs57985945_G,0.0
rs13127789_T,0.0
rs13103075_A,0.0
rs2114489_T,0.0
rs11100203_G,0.0
rs10434104_T,0.0
rs4234926_T,0.0
rs11100200_A,0.0
rs1025609_G,0.0
rs6830034_A,0.0
rs4834241_C,0.0
rs7661969_G,0.0
rs4834240_T,0.0
rs60118647_T,0.0
rs61568700_T,0.0
rs10212874_A,0.0
rs4834237_T,0.0
rs28599866_G,0.0
rs909033_T,0.0
rs12643919_C,0.0
rs10029123_A,0.0
rs10017006_C,0.0
rs2164446_A,0.0
rs10857319_T,0.0
rs539240_A,0.0
rs500051_A,0.0
rs484663_T,0.0
rs486714_G,0.0
rs359556_A,0.0
rs359555_G,0.0
rs497397_G,0.0
rs2007826_C,0.0
rs359538_C,0.0
rs359539_A,0.0
rs359540_A,0.0
rs569813_A,0.0
rs59567840_A,0.0
rs6810917_T,0.0
rs578492_A,0.0
rs536008_T,0.0
rs359554_G,0.0
rs359553_T,0.0
rs359552_C,0.0
rs359551_G,0.0
rs359550_G,0.0
rs359549_G,0.0
rs359548_C,0.0
rs359547_T,0.0
rs3914780_C,0.0
rs4125975_G,0.0
rs359542_T,0.0
rs537730_G,0.0
rs6441001_T,0.0
rs7636800_C,0.0
rs7647013_G,0.0
rs2320188_A,0.0
rs9845615_T,0.0
rs6800331_C,0.0
rs6787342_A,0.0
rs6787055_G,0.0
rs12638084_G,0.0
rs12632699_A,0.0
rs7609669_T,0.0
rs7641141_G,0.0
rs7629557_C,0.0
rs538440_G,0.0
rs7629025_T,0.0
rs1607589_T,0.0
rs359572_C,0.0
rs359570_A,0.0
rs359569_A,0.0
rs359568_T,0.0
rs359566_T,0.0
rs359565_C,0.0
rs359564_T,0.0
rs359562_G,0.0
rs359561_G,0.0
rs189639_T,0.0
rs359557_T,0.0
rs531139_A,0.0
rs7640803_C,0.0
rs10754947_A,0.0
rs7569837_C,0.0
rs62192877_G,0.0
rs7581787_C,0.0
rs7577360_A,0.0
rs12052961_A,0.0
rs7570320_A,0.0
rs7583176_A,0.0
rs7558417_T,0.0
rs6715767_A,0.0
rs7607736_T,0.0
rs7559212_C,0.0
rs7568027_G,0.0
rs9857693_G,0.0
rs7607812_A,0.0
rs28576692_C,0.0
rs28609111_A,0.0
rs28605534_C,0.0
rs35877172_T,0.0
rs28539971_A,0.0
rs28631646_T,0.0
rs28429042_T,0.0
rs28478933_A,0.0
rs28655385_A,0.0
rs28534487_A,0.0
rs28669088_T,0.0
rs35349669_T,0.0
rs55801407_A,0.0
rs6768338_T,0.0
rs6781817_C,0.0
rs6771887_A,0.0
rs4688008_C,0.0
rs74980526_A,0.0
rs2200023_G,0.0
rs9289771_C,0.0
rs145685708_T,0.0
rs2200018_A,0.0
rs151153708_T,0.0
rs6782332_G,0.0
rs6440517_C,0.0
rs1159081_T,0.0
rs6431237_G,0.0
rs13077848_C,0.0
rs10454776_T,0.0
rs13069352_A,0.0
rs9836587_C,0.0
rs168302_G,0.0
rs4585024_A,0.0
rs10929072_T,0.0
rs6737719_G,0.0
rs6709380_C,0.0
rs7597763_C,0.0
rs7568389_G,0.0
rs13385922_T,0.0
rs6431239_A,0.0
rs6741388_T,0.0
rs73109042_A,0.0
rs78410016_G,0.0
rs76401728_G,0.0
rs2128867_C,0.0
rs78161911_T,0.0
rs17281992_G,0.0
rs75001386_A,0.0
rs76720591_C,0.0
rs80301699_G,0.0
rs77707968_T,0.0
rs79086386_A,0.0
rs148571490_C,0.0
rs114856296_G,0.0
rs11733812_T,0.0
rs6779367_A,0.0
rs9325435_T,0.0
rs9822789_T,0.0
rs17647871_A,0.0
rs146129213_G,0.0
rs358726_G,0.0
rs358909_T,0.0
rs358908_C,0.0
rs358900_C,0.0
rs6441005_A,0.0
rs4287944_G,0.0
rs2315590_T,0.0
rs2203885_A,0.0
rs2315589_A,0.0
rs115465691_C,0.0
rs28641001_G,0.0
rs28632083_T,0.0
rs34837895_A,0.0
rs13101551_C,0.0
rs13144099_G,0.0
rs115133969_T,0.0
rs10015233_G,0.0
rs2904297_C,0.0
rs1001158_G,0.0
rs1876266_G,0.0
rs1506790_A,0.0
rs4622992_T,0.0
rs4613558_A,0.0
rs78741395_G,0.0
rs4351014_T,0.0
rs13101577_G,0.0
rs6448453_A,0.0
rs6845511_G,0.0
rs6846529_C,0.0
rs6448451_G,0.0
rs6448450_A,0.0
rs10939105_A,0.0
rs11728636_A,0.0
rs4373155_G,0.0
rs6448447_T,0.0
rs4504245_A,0.0
rs111844806_A,0.0
rs875394_T,0.0
rs4635810_T,0.0
rs13085349_G,0.0
rs35617667_G,0.0
rs36060711_A,0.0
rs34936050_A,0.0
rs7433135_G,0.0
rs6803070_T,0.0
rs6802975_T,0.0
rs3908142_C,0.0
rs3908141_G,0.0
rs11924789_A,0.0
rs9874559_C,0.0
rs62287281_G,0.0
rs6768777_G,0.0
rs4680208_C,0.0
rs3908140_T,0.0
rs3908139_A,0.0
rs1589237_T,0.0
rs1607591_C,0.0
rs1607590_C,0.0
rs1914799_C,0.0
rs6802475_C,0.0
rs3908144_C,0.0
rs3908143_T,0.0
rs4401403_A,0.0
rs4083042_G,0.0
rs9865998_T,0.0
rs9828161_G,0.0
rs10804772_T,0.0
rs6793225_G,0.0
rs9828965_T,0.0
rs9844732_C,0.0
rs9844708_C,0.0
rs1879089_C,0.0
rs6779500_G,0.0
rs4680205_T,0.0
rs9814666_A,0.0
rs9810223_T,0.0
rs9809924_T,0.0
rs9829758_C,0.0
rs6441002_G,0.0
rs1878859_G,0.0
rs10212586_T,0.0
rs13085986_A,0.0
rs10212592_T,0.0
rs1401695_C,0.0
rs9818926_G,0.0
rs56229209_G,0.0
rs56092312_A,0.0
rs55783463_G,0.0
rs11707218_T,0.0
rs12485814_A,0.0
rs10936012_C,0.0
rs7620947_G,0.0
rs7610604_C,0.0
rs7620748_T,0.0
rs7620630_G,0.0
rs78454911_A,0.0
rs10212593_T,0.0
rs9268257_A,0.0
rs9268256_T,0.0
rs2143464_C,0.0
rs2143465_C,0.0
rs2143467_G,0.0
rs2143468_T,0.0
rs2179578_A,0.0
rs2179579_G,0.0
rs7453102_G,0.0
rs4469285_A,0.0
rs2395144_G,0.0
rs1033497_G,0.0
rs1033498_C,0.0
rs4616939_C,0.0
rs2022533_G,0.0
rs2022534_C,0.0
rs3817982_C,0.0
rs9368715_A,0.0
rs926591_A,0.0
rs926594_G,0.0
rs973036_G,0.0
rs2022535_T,0.0
rs973037_T,0.0
rs12194915_A,0.0
rs9366794_G,0.0
rs6930681_A,0.0
rs28361060_A,0.0
rs1033500_A,0.0
rs6904636_C,0.0
rs6904608_C,0.0
rs7775581_C,0.0
rs1265759_C,0.0
rs1265760_T,0.0
rs1265762_C,0.0
rs2143463_G,0.0
rs761187_G,0.0
rs2076538_C,0.0
rs2076540_C,0.0
rs2076542_A,0.0
rs9268286_G,0.0
rs9268285_C,0.0
rs9268258_A,0.0
rs9268283_C,0.0
rs4959096_A,0.0
rs4959026_T,0.0
rs4959025_C,0.0
rs4959094_T,0.0
rs4959093_C,0.0
rs9268271_T,0.0
rs4576282_G,0.0
rs1555116_A,0.0
rs2395145_A,0.0
rs1555117_G,0.0
rs9268261_G,0.0
rs9268260_T,0.0
rs9268259_A,0.0
rs9268284_A,0.0
rs12528615_T,0.0
rs6457544_T,0.0
rs6457543_G,0.0
rs6913605_G,0.0
rs4424116_C,0.0
rs524578_A,0.0
rs508805_A,0.0
rs505274_A,0.0
rs504203_C,0.0
rs476885_G,0.0
rs471964_A,0.0
rs471081_T,0.0
rs510181_C,0.0
rs6929776_A,0.0
rs525607_T,0.0
rs523627_T,0.0
rs485774_G,0.0
rs487649_G,0.0
rs72849457_A,0.0
rs572730_T,0.0
rs547077_C,0.0
rs546857_T,0.0
rs544100_A,0.0
rs542525_C,0.0
rs540639_G,0.0
rs539703_C,0.0
rs574710_C,0.0
rs552339_A,0.0
rs10807100_A,0.0
rs9378258_A,0.0
rs9405093_T,0.0
rs9405092_G,0.0
rs9378257_G,0.0
rs9405091_G,0.0
rs1474728_T,0.0
rs1474729_C,0.0
rs9391777_C,0.0
rs9357140_A,0.0
rs9380290_G,0.0
rs9348882_T,0.0
rs9366793_C,0.0
rs10947252_A,0.0
rs761190_G,0.0
rs910052_T,0.0
rs742582_A,0.0
rs9405090_G,0.0
rs9296022_A,0.0
rs9296021_T,0.0
rs9380289_A,0.0
rs9368713_C,0.0
rs9368712_A,0.0
rs9368711_C,0.0
rs9394086_T,0.0
rs9348881_G,0.0
rs9348880_T,0.0
rs10947253_C,0.0
rs9394087_C,0.0
rs9268450_A,0.0
rs9268449_A,0.0
rs9268448_G,0.0
rs2395157_G,0.0
rs2395156_A,0.0
rs2395155_T,0.0
rs9268447_C,0.0
rs9268446_G,0.0
rs8180672_G,0.0
rs8180673_T,0.0
rs8180664_T,0.0
rs8180659_T,0.0
rs1980495_C,0.0
rs3129910_T,0.0
rs9268436_G,0.0
rs72843270_T,0.0
rs9268433_G,0.0
rs2395154_T,0.0
rs9268432_G,0.0
rs2894253_G,0.0
rs9268431_G,0.0
rs2894252_T,0.0
rs7758215_T,0.0
rs12528797_G,0.0
rs9268429_G,0.0
rs9268428_T,0.0
rs9268427_T,0.0
rs9268439_A,0.0
rs9268475_T,0.0
rs17202309_C,0.0
rs12525722_G,0.0
rs17208657_C,0.0
rs12529107_A,0.0
rs12529106_A,0.0
rs72843289_G,0.0
rs9268474_C,0.0
rs72843287_G,0.0
rs62402738_G,0.0
rs17208608_C,0.0
rs17202239_G,0.0
rs17208580_T,0.0
rs9268451_C,0.0
rs17202218_T,0.0
rs28362674_A,0.0
rs1555114_G,0.0
rs9268462_A,0.0
rs9268461_A,0.0
rs6930777_T,0.0
rs9268459_A,0.0
rs9268458_A,0.0
rs9268457_G,0.0
rs9268456_A,0.0
rs9268455_T,0.0
rs9268454_G,0.0
rs9268453_C,0.0
rs9268452_G,0.0
rs17208573_G,0.0
rs1980496_T,0.0
rs111625658_T,0.0
rs2073044_T,0.0
rs9268394_C,0.0
rs2273017_G,0.0
rs9268384_G,0.0
rs2073046_T,0.0
rs9268370_T,0.0
rs9268369_G,0.0
rs9268368_C,0.0
rs9268363_C,0.0
rs9268362_G,0.0
rs3129923_A,0.0
rs9268426_G,0.0
rs3129921_A,0.0
rs9268357_G,0.0
rs3129918_C,0.0
rs9268346_G,0.0
rs9268345_A,0.0
rs9268344_T,0.0
rs9268343_G,0.0
rs6912095_A,0.0
rs6934200_C,0.0
rs9268333_T,0.0
rs9268326_C,0.0
rs7763071_C,0.0
rs7775978_G,0.0
rs3129911_C,0.0
rs3129922_C,0.0
rs17202204_T,0.0
rs9268425_T,0.0
rs2395152_T,0.0
rs9268424_C,0.0
rs9268423_T,0.0
rs9268422_A,0.0
rs9268421_G,0.0
rs9268420_T,0.0
rs17208524_G,0.0
rs17208517_C,0.0
rs9268418_C,0.0
rs9268417_G,0.0
rs72843268_A,0.0
rs9268399_A,0.0
rs9268415_C,0.0
rs9268414_A,0.0
rs9268413_C,0.0
rs9268412_A,0.0
rs9268409_C,0.0
rs9268407_C,0.0
rs9268406_T,0.0
rs9268405_T,0.0
rs9268404_T,0.0
rs9268403_C,0.0
rs9391858_G,0.0
rs9268401_G,0.0
rs9378202_C,0.0
rs9268400_A,0.0
rs9268416_G,0.0
rs2879088_G,0.0
rs2337988_G,0.0
rs2337983_A,0.0
rs10053981_A,0.0
rs78327335_C,0.0
rs75476035_G,0.0
rs34948388_G,0.0
rs34242223_G,0.0
rs72790788_A,0.0
rs68108346_T,0.0
rs35988240_C,0.0
rs35543220_A,0.0
rs11957900_G,0.0
rs575765_C,0.0
rs34960206_G,0.0
rs13162445_G,0.0
rs11951214_T,0.0
rs34017754_C,0.0
rs13164826_T,0.0
rs67920975_C,0.0
rs35991455_T,0.0
rs1847604_T,0.0
rs1504962_C,0.0
rs7442883_C,0.0
rs1504963_C,0.0
rs1504964_C,0.0
rs71575404_A,0.0
rs13185220_A,0.0
rs35227708_G,0.0
rs34558130_A,0.0
rs34956975_T,0.0
rs34331503_A,0.0
rs35495653_T,0.0
rs35600579_G,0.0
rs34552089_A,0.0
rs13161502_C,0.0
rs6863254_G,0.0
rs35045500_G,0.0
rs6580069_G,0.0
rs7710616_T,0.0
rs7710200_G,0.0
rs871269_T,0.0
rs17115870_C,0.0
rs7722581_T,0.0
rs7718318_A,0.0
rs2434528_G,0.0
rs531293_T,0.0
rs73802972_T,0.0
rs73802964_A,0.0
rs1422790_T,0.0
rs75316240_G,0.0
rs6871988_A,0.0
rs7712317_C,0.0
rs13168358_T,0.0
rs11167640_C,0.0
rs4424038_G,0.0
rs7730110_C,0.0
rs2637068_T,0.0
rs2624224_G,0.0
rs2624223_C,0.0
rs2544700_G,0.0
rs2032793_A,0.0
rs2544701_T,0.0
rs2544702_A,0.0
rs2624219_T,0.0
rs2624217_G,0.0
rs2544705_A,0.0
rs2544708_T,0.0
rs111803715_A,0.0
rs2112168_C,0.0
rs35786159_C,0.0
rs55695634_T,0.0
rs62375397_T,0.0
rs12523133_C,0.0
rs62375391_G,0.0
rs62375390_G,0.0
rs1845273_G,0.0
rs1353078_G,0.0
rs62375388_T,0.0
rs62375387_G,0.0
rs62375386_G,0.0
rs61367113_G,0.0
rs62375380_C,0.0
rs7442695_C,0.0
rs56363426_T,0.0
rs67054984_A,0.0
rs2089193_T,0.0
rs13167810_G,0.0
rs13162757_T,0.0
rs34459153_A,0.0
rs35641202_T,0.0
rs13166261_C,0.0
rs36104185_A,0.0
rs34524115_G,0.0
rs34718614_A,0.0
rs34750137_G,0.0
rs72788939_G,0.0
rs34699238_G,0.0
rs2637072_G,0.0
rs34655273_A,0.0
rs34350262_T,0.0
rs13184452_A,0.0
rs66632046_C,0.0
rs4957659_G,0.0
rs35358777_C,0.0
rs67348475_G,0.0
rs3924743_G,0.0
rs67585060_G,0.0
rs72788922_C,0.0
rs35943758_G,0.0
rs67180077_A,0.0
rs13153631_A,0.0
rs2624164_G,0.0
rs34016387_A,0.0
rs9268035_G,0.0
rs9268000_C,0.0
rs9267951_T,0.0
rs17208153_C,0.0
rs3830041_T,0.0
rs11967600_T,0.0
rs34837204_T,0.0
rs10807081_T,0.0
rs1265160_A,0.0
rs3130931_T,0.0
rs1265163_G,0.0
rs1265107_T,0.0
rs1265110_T,0.0
rs13176051_T,0.0
rs1265082_A,0.0
rs1265090_A,0.0
rs12207228_G,0.0
rs12198474_G,0.0
rs62402821_T,0.0
rs62402820_T,0.0
rs2655427_T,0.0
rs2655426_T,0.0
rs62402786_G,0.0
rs1341238_A,0.0
rs6910948_C,0.0
rs1341239_A,0.0
rs849875_A,0.0
rs1265113_G,0.0
rs580921_G,0.0
rs560324_G,0.0
rs557539_A,0.0
rs531094_A,0.0
rs567828_A,0.0
rs495140_T,0.0
rs6910071_G,0.0
rs547261_A,0.0
rs502626_G,0.0
rs113136355_C,0.0
rs1265776_G,0.0
rs544358_C,0.0
rs522254_G,0.0
rs4959091_A,0.0
rs533876_G,0.0
rs565571_A,0.0
rs518374_C,0.0
rs560505_G,0.0
rs482194_G,0.0
rs4713518_G,0.0
rs9268145_G,0.0
rs9268141_A,0.0
rs7454557_G,0.0
rs2022539_C,0.0
rs2395115_C,0.0
rs9268086_T,0.0
rs9268082_T,0.0
rs2395114_G,0.0
rs477005_G,0.0
rs335454_G,0.0
rs335455_C,0.0
rs335456_G,0.0
rs163197_T,0.0
rs163009_T,0.0
rs163010_C,0.0
rs2112472_T,0.0
rs335460_G,0.0
rs1477296_C,0.0
rs335445_G,0.0
rs28629788_C,0.0
rs3805550_T,0.0
rs337388_C,0.0
rs12210179_C,0.0
rs3749728_G,0.0
rs2112181_C,0.0
rs10061573_C,0.0
rs58687540_T,0.0
rs55924119_C,0.0
rs4921355_C,0.0
rs7736794_A,0.0
rs79710468_C,0.0
rs6891838_T,0.0
rs6871683_C,0.0
rs6890923_A,0.0
rs6890748_A,0.0
rs9324772_T,0.0
rs9324771_C,0.0
rs2279397_T,0.0
rs849877_C,0.0
rs12202764_A,0.0
rs12202693_A,0.0
rs7739889_A,0.0
rs7759000_C,0.0
rs148844446_T,0.0
rs113952816_A,0.0
rs75072109_C,0.0
rs12525381_A,0.0
rs60486724_A,0.0
rs11249708_A,0.0
rs76792388_C,0.0
rs113706587_A,0.0
rs337351_T,0.0
rs111274391_A,0.0
rs72813731_T,0.0
rs55793208_C,0.0
rs58035347_A,0.0
rs138422541_A,0.0
rs75363646_A,0.0
rs11948610_A,0.0
rs72807345_T,0.0
rs72807343_T,0.0
rs72807341_T,0.0
rs72807324_A,0.0
rs10065484_C,0.0
rs335475_G,0.0
rs335423_A,0.0
rs116347724_A,0.0
rs76527718_C,0.0
rs74725417_C,0.0
rs147848638_C,0.0
rs77756568_T,0.0
rs79819609_T,0.0
rs141868192_A,0.0
rs79909238_A,0.0
rs149905123_A,0.0
rs17561228_G,0.0
rs17561221_G,0.0
rs17502075_A,0.0
rs17502068_C,0.0
rs149560180_A,0.0
rs62192874_A,0.0
rs17561095_G,0.0
rs17501956_C,0.0
rs3947140_G,0.0
rs76859729_A,0.0
rs79910913_A,0.0
rs17501845_C,0.0
rs17501775_C,0.0
rs76836830_T,0.0
rs116542290_T,0.0
rs80128453_G,0.0
rs79377463_T,0.0
rs77974210_G,0.0
rs79698826_T,0.0
rs143912329_G,0.0
rs116267222_G,0.0
rs79119723_A,0.0
rs77293402_T,0.0
rs76579422_G,0.0
rs145385646_T,0.0
rs139850715_C,0.0
rs149789971_G,0.0
rs139582460_A,0.0
rs150549937_G,0.0
rs79229945_A,0.0
rs78489284_T,0.0
rs114558665_T,0.0
rs78549071_C,0.0
rs78414652_C,0.0
rs17561781_G,0.0
rs78180802_T,0.0
rs76181163_G,0.0
rs76356755_G,0.0
rs78510932_T,0.0
rs78411166_A,0.0
rs1876086_A,0.0
rs1876085_A,0.0
rs17561451_G,0.0
rs17502297_C,0.0
rs17561368_T,0.0
rs115783445_G,0.0
rs148408884_G,0.0
rs77521736_G,0.0
rs78609994_T,0.0
rs2761421_C,0.0
rs3860294_T,0.0
rs2796255_C,0.0
rs6677310_T,0.0
rs6540439_T,0.0
rs4147104_A,0.0
rs34626131_C,0.0
rs7537669_C,0.0
rs11118328_C,0.0
rs114644769_T,0.0
rs9727645_T,0.0
rs10082154_C,0.0
rs7517879_G,0.0
rs146472899_A,0.0
rs6540437_G,0.0
rs1323721_G,0.0
rs6666431_A,0.0
rs12745818_T,0.0
rs12744104_A,0.0
rs10863426_C,0.0
rs10863425_G,0.0
rs11803366_T,0.0
rs6697005_G,0.0
rs17186848_T,0.0
rs1408077_A,0.0
rs12034383_G,0.0
rs12041437_C,0.0
rs6662432_G,0.0
rs80072849_G,0.0
rs1340868_T,0.0
rs78475618_C,0.0
rs138697568_G,0.0
rs17560579_A,0.0
rs78897252_T,0.0
rs74582218_T,0.0
rs79382583_G,0.0
rs75170577_C,0.0
rs74392857_C,0.0
rs75186578_T,0.0
rs1832229_T,0.0
rs74428975_A,0.0
rs2761424_T,0.0
rs1537878_G,0.0
rs79032345_G,0.0
rs17501208_A,0.0
rs77819119_A,0.0
rs17560215_C,0.0
rs17560021_C,0.0
rs17500814_C,0.0
rs17500679_A,0.0
rs78674113_C,0.0
rs145037432_A,0.0
rs17559267_A,0.0
rs56854372_A,0.0
rs2476543_A,0.0
rs4844617_T,0.0
rs1537877_C,0.0
rs72843886_G,0.0
rs72843885_A,0.0
rs749254_C,0.0
rs17014773_G,0.0
rs72843823_C,0.0
rs11899372_T,0.0
rs72843820_A,0.0
rs72843819_T,0.0
rs72843817_C,0.0
rs1232800_G,0.0
rs143254526_A,0.0
rs73949308_G,0.0
rs73949307_G,0.0
rs78864256_T,0.0
rs73949304_G,0.0
rs73949303_T,0.0
rs73946302_G,0.0
rs144444624_A,0.0
rs73942838_G,0.0
rs4470366_T,0.0
rs17476000_A,0.0
rs59262093_C,0.0
rs2888463_T,0.0
rs11124576_C,0.0
rs876461_A,0.0
rs56059107_T,0.0
rs3770763_G,0.0
rs73949306_G,0.0
rs72959016_T,0.0
rs3754609_C,0.0
rs75836995_C,0.0
rs3768857_T,0.0
rs80327618_A,0.0
rs3768858_A,0.0
rs1060743_G,0.0
rs114446285_G,0.0
rs3768862_G,0.0
rs79706084_T,0.0
rs2071267_T,0.0
rs2276579_A,0.0
rs3754619_A,0.0
rs4467218_C,0.0
rs3768864_T,0.0
rs730306_C,0.0
rs72843900_T,0.0
rs4662702_A,0.0
rs56049505_G,0.0
rs10929004_A,0.0
rs11898274_A,0.0
rs72843896_C,0.0
rs17694125_T,0.0
rs72843892_A,0.0
rs113019079_A,0.0
rs72843890_T,0.0
rs2404175_T,0.0
rs2404174_C,0.0
rs55636820_A,0.0
rs11801322_T,0.0
rs79927427_A,0.0
rs142696912_A,0.0
rs17568665_G,0.0
rs79602937_T,0.0
rs79744912_C,0.0
rs77140543_A,0.0
rs147555185_C,0.0
rs74906750_C,0.0
rs147564442_A,0.0
rs115362679_G,0.0
rs954615_C,0.0
rs6687755_T,0.0
rs2160394_T,0.0
rs150433489_C,0.0
rs148832545_T,0.0
rs78681991_G,0.0
rs79995081_C,0.0
rs17502961_C,0.0
rs17562052_A,0.0
rs17502858_G,0.0
rs17502823_A,0.0
rs16845078_C,0.0
rs75466953_C,0.0
rs117677255_G,0.0
rs115720213_T,0.0
rs77421803_A,0.0
rs77450957_T,0.0
rs115349399_A,0.0
rs2110963_A,0.0
rs6726709_A,0.0
rs2302650_G,0.0
rs2300892_G,0.0
rs56059847_G,0.0
rs55991517_A,0.0
rs61208496_T,0.0
rs112280548_A,0.0
rs2250079_T,0.0
rs12039453_T,0.0
rs12027872_G,0.0
rs17503792_G,0.0
rs115367876_C,0.0
rs74700731_A,0.0
rs17569145_C,0.0
rs75052802_T,0.0
rs17569049_C,0.0
rs73125707_G,0.0
rs77997252_C,0.0
rs75216694_C,0.0
rs78230651_A,0.0
rs79899432_C,0.0
rs74440476_A,0.0
rs115004308_A,0.0
rs79518219_G,0.0
rs114071069_C,0.0
rs79870630_G,0.0
rs115007309_G,0.0
rs76469306_A,0.0
rs10797093_G,0.0
rs7517289_C,0.0
rs11583045_A,0.0
rs11265555_T,0.0
rs12727614_A,0.0
rs10908823_T,0.0
rs4523530_T,0.0
rs11265554_C,0.0
rs12062416_C,0.0
rs4656985_C,0.0
rs10218622_T,0.0
rs10218620_G,0.0
rs10218497_A,0.0
rs11803956_T,0.0
rs4347230_A,0.0
rs4656982_G,0.0
rs7525124_A,0.0
rs11576830_C,0.0
rs16832617_C,0.0
rs111847432_A,0.0
rs7516231_T,0.0
rs6660240_C,0.0
rs1974140_A,0.0
rs58974723_A,0.0
rs1556259_G,0.0
rs1556260_T,0.0
rs6427573_A,0.0
rs4402147_T,0.0
rs35630547_T,0.0
rs34884997_C,0.0
rs4233366_T,0.0
rs11585858_A,0.0
rs11265563_A,0.0
rs11265562_A,0.0
rs11265561_G,0.0
rs11579514_C,0.0
rs6779_G,0.0
rs12741203_T,0.0
rs2301287_G,0.0
rs2301286_A,0.0
rs12031437_G,0.0
rs4288617_A,0.0
rs4656988_A,0.0
rs11588225_G,0.0
rs10908825_C,0.0
rs11265560_C,0.0
rs11589567_T,0.0
rs10732962_G,0.0
rs72714911_C,0.0
rs10908824_G,0.0
rs11591206_T,0.0
rs12041364_A,0.0
rs11265558_G,0.0
rs11265557_G,0.0
rs11265556_C,0.0
rs4540676_A,0.0
rs12756718_T,0.0
rs6698440_T,0.0
rs12407731_T,0.0
rs6692677_T,0.0
rs10916900_G,0.0
rs4654729_T,0.0
rs6692553_C,0.0
rs6704421_T,0.0
rs4654881_T,0.0
rs3890762_G,0.0
rs6697488_T,0.0
rs112900196_T,0.0
rs4654879_G,0.0
rs2305463_C,0.0
rs6427572_A,0.0
rs72652926_T,0.0
rs10916879_G,0.0
rs7515279_C,0.0
rs10799669_T,0.0
rs10916877_G,0.0
rs4654878_G,0.0
rs4654874_A,0.0
rs2320590_C,0.0
rs6099180_G,0.0
rs134790_C,0.0
rs12030051_G,0.0
rs8132248_T,0.0
rs73207038_A,0.0
rs10799670_T,0.0
rs6686076_C,0.0
rs2073653_C,0.0
rs3766383_A,0.0
rs57839241_G,0.0
rs6695707_C,0.0
rs6703887_C,0.0
rs6663715_G,0.0
rs16831953_G,0.0
rs74123191_T,0.0
rs1690543_C,0.0
rs6670945_T,0.0
rs6689197_A,0.0
rs1338146_A,0.0
rs9663017_G,0.0
rs12072761_A,0.0
rs6687769_C,0.0
rs12080666_A,0.0
rs11577982_C,0.0
rs1338150_A,0.0
rs12058296_A,0.0
rs11585651_C,0.0
rs10889589_G,0.0
rs4655591_T,0.0
rs7543272_C,0.0
rs3789586_T,0.0
rs10888693_G,0.0
rs11205728_T,0.0
rs114943260_T,0.0
rs10874177_C,0.0
rs4274065_C,0.0
rs4844597_C,0.0
rs9429942_C,0.0
rs7525170_G,0.0
rs9429941_T,0.0
rs9429781_G,0.0
rs9429780_G,0.0
rs4618971_C,0.0
rs9429779_G,0.0
rs2182913_A,0.0
rs2182911_C,0.0
rs6690215_C,0.0
rs17617_C,0.0
rs33941127_T,0.0
rs2404781_C,0.0
rs28738993_C,0.0
rs28371614_T,0.0
rs28371597_T,0.0
rs4844590_T,0.0
rs61822697_T,0.0
rs6673333_G,0.0
rs6660254_G,0.0
rs11584921_G,0.0
rs11582249_A,0.0
rs6684804_T,0.0
rs7543117_C,0.0
rs7526831_C,0.0
rs4317805_A,0.0
rs4844610_A,0.0
rs1408078_T,0.0
rs12028134_A,0.0
rs1830763_C,0.0
rs10863420_A,0.0
rs11579070_A,0.0
rs10779335_C,0.0
rs10863418_C,0.0
rs10863417_A,0.0
rs61822977_G,0.0
rs2296160_A,0.0
rs12036785_C,0.0
rs11576522_A,0.0
rs7533520_A,0.0
rs2093761_A,0.0
rs6701713_A,0.0
rs7542544_C,0.0
rs7519119_G,0.0
rs3818361_A,0.0
rs2274566_C,0.0
rs679515_T,0.0
rs1752684_A,0.0
rs6661489_T,0.0
rs6656401_A,0.0
rs4562624_A,0.0
rs4266886_T,0.0
rs12037841_T,0.0
rs9429945_T,0.0
rs2093760_A,0.0
rs57003024_C,0.0
rs6696142_T,0.0
rs6683677_C,0.0
rs6540875_T,0.0
rs6540874_C,0.0
rs6673080_T,0.0
rs7532422_C,0.0
rs4844579_T,0.0
rs4844577_G,0.0
rs4844574_C,0.0
rs6666604_G,0.0
rs34660159_G,0.0
rs2370437_A,0.0
rs7535532_T,0.0
rs10798083_C,0.0
rs80231151_G,0.0
rs116753268_A,0.0
rs72697723_A,0.0
rs4233368_A,0.0
rs12401322_A,0.0
rs4489574_T,0.0
rs2070902_T,0.0
rs4379692_T,0.0
rs2070901_T,0.0
rs1136207_T,0.0
rs10908826_T,0.0
rs3813624_T,0.0
rs3813623_T,0.0
rs10798085_T,0.0
rs10442696_T,0.0
rs61822674_C,0.0
rs1583091_T,0.0
rs1583090_C,0.0
rs6540893_A,0.0
rs7514661_G,0.0
rs4844589_A,0.0
rs4844588_C,0.0
rs61822673_G,0.0
rs55638602_T,0.0
rs7532664_T,0.0
rs10494890_G,0.0
rs61822669_A,0.0
rs12119823_C,0.0
rs11580387_G,0.0
rs11580382_C,0.0
rs7522618_G,0.0
rs6668560_C,0.0
rs6682586_C,0.0
rs6673890_T,0.0
rs17258843_T,0.0
rs7516416_A,0.0
rs11120512_G,0.0
rs7526658_G,0.0
rs76258276_A,0.0
rs11580394_C,0.0
rs61821051_G,0.0
rs61821050_A,0.0
rs7518565_A,0.0
rs72926800_C,0.0
rs72926799_A,0.0
rs72926798_G,0.0
rs72926796_C,0.0
rs72926794_G,0.0
rs72926793_A,0.0
rs114079739_G,0.0
rs114110842_T,0.0
rs72926791_G,0.0
rs114702158_C,0.0
rs72926787_T,0.0
rs72926786_A,0.0
rs76298043_T,0.0
rs17014873_C,0.0
rs116773016_T,0.0
rs72926782_A,0.0
rs72926781_A,0.0
rs77230711_A,0.0
rs72926772_T,0.0
rs72926771_G,0.0
rs72926769_T,0.0
rs72926767_G,0.0
rs114393235_G,0.0
rs72936882_A,0.0
rs72936881_C,0.0
rs72936879_G,0.0
rs72936875_A,0.0
rs114604411_C,0.0
rs76461893_C,0.0
rs140750546_T,0.0
rs145299755_C,0.0
rs148707292_A,0.0
rs72932572_C,0.0
rs72932566_T,0.0
rs76890136_G,0.0
rs72932561_A,0.0
rs72932560_G,0.0
rs72932559_A,0.0
rs72932558_G,0.0
rs72932557_T,0.0
rs72932556_C,0.0
rs115194657_G,0.0
rs7579667_T,0.0
rs72932553_T,0.0
rs72928620_T,0.0
rs143450835_T,0.0
rs72928610_C,0.0
rs72928609_T,0.0
rs72928608_C,0.0
rs1541853_C,0.0
rs141002954_G,0.0
rs149268645_A,0.0
rs72928605_G,0.0
rs74421437_T,0.0
rs79642273_G,0.0
rs72926802_C,0.0
rs72932554_G,0.0
rs7560547_G,0.0
rs72934762_A,0.0
rs6435169_A,0.0
rs77268589_G,0.0
rs116382857_G,0.0
rs72934753_T,0.0
rs6738618_C,0.0
rs143035655_C,0.0
rs72934751_G,0.0
rs72934749_G,0.0
rs6725887_C,0.0
rs6722332_C,0.0
rs72934745_T,0.0
rs72936873_A,0.0
rs72934740_T,0.0
rs79539678_C,0.0
rs72934738_C,0.0
rs72934737_T,0.0
rs146973310_C,0.0
rs72934735_T,0.0
rs72934734_G,0.0
rs72934732_G,0.0
rs6723704_A,0.0
rs72934729_G,0.0
rs4510208_A,0.0
rs7608755_A,0.0
rs140606214_C,0.0
rs115953525_A,0.0
rs72936872_C,0.0
rs72936870_T,0.0
rs72936869_C,0.0
rs114527590_G,0.0
rs72936866_G,0.0
rs72936862_G,0.0
rs72936860_A,0.0
rs4673240_C,0.0
rs7603972_G,0.0
rs7591653_C,0.0
rs138805020_T,0.0
rs6719001_A,0.0
rs72936856_A,0.0
rs72934763_C,0.0
rs72936846_C,0.0
rs72936842_G,0.0
rs72936839_A,0.0
rs72936838_T,0.0
rs114899426_G,0.0
rs72936834_A,0.0
rs72936830_T,0.0
rs114395475_T,0.0
rs72934767_C,0.0
rs149016309_A,0.0
rs77931721_G,0.0
rs150788469_A,0.0
rs72934765_T,0.0
rs72934764_A,0.0
rs72936852_A,0.0
rs148377885_T,0.0
rs147318408_T,0.0
rs140803184_C,0.0
rs146523041_T,0.0
rs36134067_A,0.0
rs1135173_A,0.0
rs7419666_C,0.0
rs10202748_C,0.0
rs10179137_A,0.0
rs62192872_G,0.0
rs62192871_A,0.0
rs13011232_T,0.0
rs12987520_C,0.0
rs72932574_C,0.0
rs13388142_T,0.0
rs7589369_G,0.0
rs7597516_A,0.0
rs10176163_A,0.0
rs12694929_C,0.0
rs12694928_A,0.0
rs12694927_A,0.0
rs12694926_G,0.0
rs7605743_T,0.0
rs13022011_T,0.0
rs13021947_A,0.0
rs10193128_C,0.0
rs13013293_T,0.0
rs7557877_A,0.0
rs67498812_G,0.0
rs36177526_A,0.0
rs36164374_A,0.0
rs150943557_G,0.0
rs36165346_G,0.0
rs145742767_T,0.0
rs143436458_C,0.0
rs137945009_A,0.0
rs36151663_T,0.0
rs36194657_G,0.0
rs143865234_T,0.0
rs141410484_A,0.0
rs139326470_G,0.0
rs141500584_C,0.0
rs36180389_A,0.0
rs36148770_C,0.0
rs145770967_A,0.0
rs36172244_C,0.0
rs36138569_C,0.0
rs141161975_T,0.0
rs145129423_T,0.0
rs142911999_A,0.0
rs36171197_G,0.0
rs36146561_C,0.0
rs150521622_C,0.0
rs36142114_T,0.0
rs146178696_G,0.0
rs150889436_A,0.0
rs36130536_T,0.0
rs72934556_G,0.0
rs72934554_G,0.0
rs72934551_T,0.0
rs72934550_A,0.0
rs72934545_T,0.0
rs72934537_A,0.0
rs72934535_C,0.0
rs142013255_G,0.0
rs139333388_G,0.0
rs115810193_G,0.0
rs72934519_G,0.0
rs72934518_A,0.0
rs72934514_G,0.0
rs35368576_C,0.0
rs72934513_C,0.0
rs72934512_G,0.0
rs72934510_A,0.0
rs140168762_G,0.0
rs115654617_A,0.0
rs145538381_C,0.0
rs72932590_C,0.0
rs72932588_G,0.0
rs2351524_T,0.0
rs4675310_G,0.0
rs148812085_T,0.0
rs6728861_A,0.0
rs72932583_T,0.0
rs72932575_G,0.0
rs78907692_G,0.0
rs11885054_G,0.0
rs7421448_T,0.0
rs10933431_G,0.0
rs112878010_T,0.0
rs7569598_C,0.0
rs112395076_G,0.0
rs113896321_C,0.0
rs68147208_G,0.0
rs66493939_C,0.0
rs6605277_C,0.0
rs6705834_C,0.0
rs7599330_A,0.0
rs7570061_A,0.0
rs72934563_A,0.0
rs13404184_C,0.0
rs67588496_A,0.0
rs12463741_G,0.0
rs151301153_C,0.0
rs139770263_T,0.0
rs116219813_T,0.0
rs72936326_T,0.0
rs10932008_G,0.0
rs72934601_A,0.0
rs72934591_A,0.0
rs72934589_T,0.0
rs140201293_C,0.0
rs72934583_G,0.0
rs72934573_G,0.0
rs13392343_A,0.0
rs13410629_T,0.0
rs6743470_T,0.0
rs4494685_T,0.0
rs35860453_T,0.0
rs13032148_A,0.0
rs11554586_A,0.0
rs2276574_A,0.0
rs7583814_T,0.0
rs744368_T,0.0
rs6431219_T,0.0
rs72838215_A,0.0
rs4663097_C,0.0
rs4663096_A,0.0
rs147100405_C,0.0
rs55654668_T,0.0
rs749006_A,0.0
rs749007_T,0.0
rs873270_C,0.0
rs10166461_A,0.0
rs56405130_A,0.0
rs34854727_T,0.0
rs56117224_A,0.0
rs11694264_A,0.0
rs10207708_A,0.0
rs76168490_G,0.0
rs28434131_G,0.0
rs1530047_C,0.0
rs11682186_T,0.0
rs55669136_G,0.0
rs72838226_C,0.0
rs35103166_C,0.0
rs6720234_A,0.0
rs7564197_A,0.0
rs7601287_A,0.0
rs7566991_A,0.0
rs72838225_T,0.0
rs6431220_A,0.0
rs11904144_G,0.0
rs10929009_T,0.0
rs4663100_C,0.0
rs4663099_C,0.0
rs13400939_A,0.0
rs10929007_A,0.0
rs3845674_T,0.0
rs34745987_T,0.0
rs10198934_A,0.0
rs12994718_A,0.0
rs12994284_C,0.0
rs7594230_A,0.0
rs7557280_A,0.0
rs4663098_T,0.0
rs13029812_G,0.0
rs13023080_C,0.0
rs36085158_T,0.0
rs10182292_A,0.0
rs55646068_G,0.0
rs71414738_T,0.0
rs13394753_A,0.0
rs17014903_C,0.0
rs60874665_G,0.0
rs58050378_G,0.0
rs60355033_C,0.0
rs60622257_C,0.0
rs13388023_C,0.0
rs6714477_C,0.0
rs6750960_A,0.0
rs6704659_T,0.0
rs13433081_A,0.0
rs17014893_C,0.0
rs13430398_T,0.0
rs11887884_T,0.0
rs62157856_T,0.0
rs2276575_C,0.0
rs13383872_T,0.0
rs13386828_C,0.0
rs56275366_T,0.0
rs6705877_G,0.0
rs10205213_G,0.0
rs6754017_G,0.0
rs6705636_G,0.0
rs55948843_T,0.0
rs62157853_A,0.0
rs55889591_A,0.0
rs10202325_T,0.0
rs72846688_C,0.0
rs13387613_C,0.0
rs35114168_A,0.0
rs4663095_A,0.0
rs35832505_C,0.0
rs10929006_A,0.0
rs13425623_A,0.0
rs13425613_A,0.0
rs62158723_T,0.0
rs13430214_G,0.0
rs11694743_G,0.0
rs11691237_T,0.0
rs11693422_G,0.0
rs58402148_T,0.0
rs17014923_T,0.0
rs13394666_G,0.0
rs13426725_C,0.0
rs116210730_T,0.0
rs6754293_T,0.0
rs13422890_G,0.0
rs72846701_A,0.0
rs10195067_A,0.0
rs10194975_T,0.0
rs10194375_A,0.0
rs11690153_C,0.0
rs61525314_A,0.0
rs11682128_A,0.0
rs12329015_C,0.0
rs55769487_T,0.0
rs13430599_T,0.0
rs10200967_C,0.0
rs6434926_T,0.0
rs143862242_G,0.0
rs55633652_A,0.0
rs149958110_C,0.0
rs114745386_T,0.0
rs80322137_C,0.0
rs149587806_A,0.0
rs13002739_T,0.0
rs12998928_T,0.0
rs56112111_G,0.0
rs115341221_T,0.0
rs11535056_A,0.0
rs62195638_T,0.0
rs7559175_G,0.0
rs1592_C,0.0
rs12463645_C,0.0
rs1348792_G,0.0
rs7593049_T,0.0
rs6714498_C,0.0
rs74265413_C,0.0
rs62168869_A,0.0
rs12473839_T,0.0
rs6738113_A,0.0
rs4954192_T,0.0
rs6430553_T,0.0
rs6711390_T,0.0
rs7580655_T,0.0
rs143555088_A,0.0
rs146900385_A,0.0
rs114372659_T,0.0
rs72934710_G,0.0
rs72934707_A,0.0
rs72934706_G,0.0
rs72934704_T,0.0
rs72932793_G,0.0
rs72932789_T,0.0
rs72932786_C,0.0
rs72932784_G,0.0
rs72932776_T,0.0
rs72932774_T,0.0
rs79633844_G,0.0
rs7576377_A,0.0
rs72932737_A,0.0
rs143911965_A,0.0
rs72932731_G,0.0
rs72932727_C,0.0
rs72932725_A,0.0
rs72932723_G,0.0
rs72932722_A,0.0
rs72932720_G,0.0
rs72932716_G,0.0
rs72932711_A,0.0
rs72932709_G,0.0
rs72932707_C,0.0
rs12996222_T,0.0
rs7570166_C,0.0
rs76122535_G,0.0
rs59253801_A,0.0
rs4663105_C,0.0
rs57109420_A,0.0
rs61308109_A,0.0
rs56193035_G,0.0
rs60572885_C,0.0
rs34546266_G,0.0
rs35968837_C,0.0
rs6714558_C,0.0
rs4663104_C,0.0
rs60692476_T,0.0
rs6710467_A,0.0
rs7561528_A,0.0
rs3819121_C,0.0
rs11680911_C,0.0
rs11685593_T,0.0
rs62158732_A,0.0
rs12989701_A,0.0
rs11689089_C,0.0
rs62158731_T,0.0
rs13004848_C,0.0
rs13031703_T,0.0
rs13025765_T,0.0
rs719054_A,0.0
rs55828408_A,0.0
rs58682665_G,0.0
rs7575209_C,0.0
rs57724183_C,0.0
rs11678744_G,0.0
rs6430552_T,0.0
rs9653176_T,0.0
rs9653175_A,0.0
rs6430547_T,0.0
rs60793693_T,0.0
rs6758113_A,0.0
rs6730306_T,0.0
rs6430546_T,0.0
rs56383182_G,0.0
rs1530557_C,0.0
rs10928520_C,0.0
rs6430543_A,0.0
rs6729702_A,0.0
rs59176034_T,0.0
rs1530556_T,0.0
rs3739029_C,0.0
rs10496731_G,0.0
rs6431223_A,0.0
rs893434_A,0.0
rs744373_G,0.0
rs730482_T,0.0
rs56368748_A,0.0
rs745717_C,0.0
rs72838288_A,0.0
rs72838287_G,0.0
rs6733839_T,0.0
rs72838285_G,0.0
rs72838284_C,0.0
rs1530555_T,0.0
rs12673005_A,0.0
rs2283017_G,0.0
rs4727442_A,0.0
rs73156698_G,0.0
rs1987580_C,0.0
rs2074567_C,0.0
rs2527917_T,0.0
rs2527923_T,0.0
rs2525554_A,0.0
rs2527882_A,0.0
rs2527884_A,0.0
rs2404978_C,0.0
rs2404977_T,0.0
rs17423698_C,0.0
rs2527885_C,0.0
rs6962405_C,0.0
rs2525548_C,0.0
rs2527886_T,0.0
rs2527890_G,0.0
rs2525541_G,0.0
rs2057766_G,0.0
rs2525539_A,0.0
rs2040787_C,0.0
rs2527891_A,0.0
rs2525537_T,0.0
rs2525535_A,0.0
rs2525534_T,0.0
rs2525553_C,0.0
rs6963345_A,0.0
rs35228488_C,0.0
rs6953441_A,0.0
rs73158411_A,0.0
rs10228764_G,0.0
rs11771331_G,0.0
rs11770546_A,0.0
rs6946168_T,0.0
rs71569528_T,0.0
rs10267231_C,0.0
rs12705067_C,0.0
rs4727443_A,0.0
rs6465760_A,0.0
rs2525556_C,0.0
rs6974373_G,0.0
rs66748925_G,0.0
rs6964754_A,0.0
rs6946204_C,0.0
rs886453_A,0.0
rs6975827_C,0.0
rs1076237_C,0.0
rs7803714_T,0.0
rs10275052_A,0.0
rs11761882_C,0.0
rs11771266_A,0.0
rs2301806_G,0.0
rs12672695_A,0.0
rs4729560_G,0.0
rs34213597_T,0.0
rs2122623_G,0.0
rs28587494_T,0.0
rs11760698_G,0.0
rs10951539_T,0.0
rs11765741_G,0.0
rs4607500_T,0.0
rs28624423_C,0.0
rs78170761_T,0.0
rs117871530_T,0.0
rs1990620_G,0.0
rs1990621_G,0.0
rs1990622_G,0.0
rs7791726_C,0.0
rs2527892_A,0.0
rs6460905_G,0.0
rs7805419_C,0.0
rs1548884_C,0.0
rs7797705_A,0.0
rs2356065_C,0.0
rs1468801_C,0.0
rs1468802_A,0.0
rs1060700_G,0.0
rs1468803_C,0.0
rs1468804_C,0.0
rs1054169_A,0.0
rs1054168_T,0.0
rs3800841_T,0.0
rs6460906_C,0.0
rs1981549_G,0.0
rs1981548_T,0.0
rs2527893_A,0.0
rs2527894_A,0.0
rs2527895_A,0.0
rs2527896_G,0.0
rs2107351_T,0.0
rs2527897_A,0.0
rs35609229_C,0.0
rs188501320_C,0.0
rs142686181_T,0.0
rs4947549_C,0.0
rs17552904_T,0.0
rs2167266_C,0.0
rs62445350_T,0.0
rs2168589_A,0.0
rs2728490_C,0.0
rs2728489_A,0.0
rs2728488_A,0.0
rs7810580_A,0.0
rs2598033_C,0.0
rs2722354_T,0.0
rs55940848_G,0.0
rs2060712_G,0.0
rs75201185_C,0.0
rs10261983_T,0.0
rs6966331_T,0.0
rs59415886_G,0.0
rs62447171_A,0.0
rs1052482_A,0.0
rs1727130_C,0.0
rs1624099_G,0.0
rs1727129_T,0.0
rs1618851_T,0.0
rs2257213_T,0.0
rs1617502_C,0.0
rs1637001_G,0.0
rs941287_T,0.0
rs2950518_G,0.0
rs1061230_G,0.0
rs1138417_C,0.0
rs2528900_A,0.0
rs73158413_A,0.0
rs1727124_T,0.0
rs1727123_C,0.0
rs1727122_C,0.0
rs2950517_G,0.0
rs2246713_G,0.0
rs1628077_A,0.0
rs1727145_G,0.0
rs1043915_A,0.0
rs13230744_G,0.0
rs2272345_G,0.0
rs3735241_C,0.0
rs3823642_C,0.0
rs4299940_C,0.0
rs1727125_C,0.0
rs7782051_C,0.0
rs62482174_T,0.0
rs2950520_T,0.0
rs858514_A,0.0
rs858513_G,0.0
rs858512_A,0.0
rs1859787_G,0.0
rs858511_A,0.0
rs858510_C,0.0
rs863450_C,0.0
rs858509_A,0.0
rs858508_C,0.0
rs858507_A,0.0
rs1636975_A,0.0
rs858505_G,0.0
rs705867_C,0.0
rs2906646_G,0.0
rs2906645_A,0.0
rs1727144_C,0.0
rs62482172_T,0.0
rs1727140_T,0.0
rs1727139_C,0.0
rs1727138_T,0.0
rs36019559_A,0.0
rs1636978_G,0.0
rs1727134_T,0.0
rs1727133_C,0.0
rs1727132_T,0.0
rs858506_T,0.0
rs35146811_C,0.0
rs60458236_C,0.0
rs4134903_A,0.0
rs2293479_C,0.0
rs41280968_A,0.0
rs1534310_T,0.0
rs2070215_C,0.0
rs13242458_A,0.0
rs4729576_A,0.0
rs12705071_C,0.0
rs113683483_T,0.0
rs34031156_A,0.0
rs13223792_G,0.0
rs7811662_G,0.0
rs13232115_C,0.0
rs6950205_T,0.0
rs12705070_G,0.0
rs4424195_G,0.0
rs34065606_G,0.0
rs6955348_G,0.0
rs12705069_T,0.0
rs2897075_T,0.0
rs13238380_T,0.0
rs34766893_A,0.0
rs6974305_A,0.0
rs6465762_A,0.0
rs12531809_T,0.0
rs6465761_C,0.0
rs34312198_A,0.0
rs10953295_C,0.0
rs11767968_A,0.0
rs12666425_G,0.0
rs4729580_C,0.0
rs6948729_G,0.0
rs11764176_T,0.0
rs2272344_T,0.0
rs4727449_T,0.0
rs6465766_G,0.0
rs6465765_A,0.0
rs2141160_T,0.0
rs6960458_T,0.0
rs7788301_G,0.0
rs1880949_T,0.0
rs4729579_G,0.0
rs6465764_A,0.0
rs3779045_C,0.0
rs3779046_G,0.0
rs3807471_G,0.0
rs12666107_C,0.0
rs55796551_A,0.0
rs12705074_A,0.0
rs12705073_C,0.0
rs3735242_G,0.0
rs34130487_T,0.0
rs11771139_A,0.0
rs11505847_A,0.0
rs35991721_T,0.0
rs10252884_C,0.0
rs299414_C,0.0
rs299416_G,0.0
rs4945512_G,0.0
rs299408_C,0.0
rs6568829_C,0.0
rs9320478_C,0.0
rs962607_T,0.0
rs3749862_C,0.0
rs6568827_T,0.0
rs7744102_C,0.0
rs9374437_G,0.0
rs2348919_G,0.0
rs2018420_C,0.0
rs1042949_G,0.0
rs9401134_C,0.0
rs313161_G,0.0
rs138940043_T,0.0
rs79971615_T,0.0
rs9381607_T,0.0
rs9463349_A,0.0
rs9381606_T,0.0
rs9381605_T,0.0
rs2184901_A,0.0
rs9381604_G,0.0
rs6914894_T,0.0
rs9296577_C,0.0
rs9369739_A,0.0
rs74905447_T,0.0
rs10280178_T,0.0
rs4725207_C,0.0
rs7782070_A,0.0
rs1550010_G,0.0
rs1550009_C,0.0
rs1550008_T,0.0
rs11760769_C,0.0
rs4268033_A,0.0
rs892523_A,0.0
rs1550007_A,0.0
rs10226620_T,0.0
rs4725190_A,0.0
rs3824070_A,0.0
rs299418_G,0.0
rs4720834_T,0.0
rs4720833_A,0.0
rs28856905_G,0.0
rs10215520_T,0.0
rs4720831_G,0.0
rs6978445_A,0.0
rs10215326_T,0.0
rs6463893_T,0.0
rs2164079_T,0.0
rs145607959_A,0.0
rs141071274_G,0.0
rs12212415_T,0.0
rs113278846_A,0.0
rs299421_C,0.0
rs58943706_T,0.0
rs9381579_T,0.0
rs9381578_T,0.0
rs1485780_C,0.0
rs6936632_A,0.0
rs9369717_G,0.0
rs9395285_A,0.0
rs9296567_A,0.0
rs13193054_A,0.0
rs9369716_T,0.0
rs9349416_A,0.0
rs9349415_C,0.0
rs9395283_C,0.0
rs9357546_T,0.0
rs1110355_C,0.0
rs12193051_G,0.0
rs34744382_T,0.0
rs9381575_G,0.0
rs6931011_A,0.0
rs9367284_G,0.0
rs2171089_G,0.0
rs2151975_C,0.0
rs2151974_A,0.0
rs7774667_A,0.0
rs901186_A,0.0
rs9349413_G,0.0
rs9473128_T,0.0
rs6904764_T,0.0
rs9395279_T,0.0
rs1928464_C,0.0
rs9381599_A,0.0
rs6900120_T,0.0
rs10948374_T,0.0
rs6904933_A,0.0
rs4711895_G,0.0
rs7772202_A,0.0
rs12202615_C,0.0
rs9473147_G,0.0
rs4711890_G,0.0
rs4711889_C,0.0
rs9357551_T,0.0
rs9395288_T,0.0
rs10456570_G,0.0
rs719856_A,0.0
rs7754971_T,0.0
rs2171086_T,0.0
rs1948047_C,0.0
rs10948367_G,0.0
rs9463342_T,0.0
rs12195738_T,0.0
rs113967660_C,0.0
rs9381581_A,0.0
rs9349417_G,0.0
rs13212790_C,0.0
rs9395286_C,0.0
rs2396825_G,0.0
rs6903331_G,0.0
rs1385742_A,0.0
rs6966915_T,0.0
rs6966757_T,0.0
rs6948844_C,0.0
rs10950396_C,0.0
rs10950395_C,0.0
rs3800843_A,0.0
rs10950394_T,0.0
rs10950393_C,0.0
rs10950392_C,0.0
rs11974304_T,0.0
rs1435524_A,0.0
rs1435525_C,0.0
rs1435527_T,0.0
rs1124669_A,0.0
rs10950391_G,0.0
rs3823612_C,0.0
rs7785087_G,0.0
rs7785189_T,0.0
rs11971133_C,0.0
rs1020006_A,0.0
rs6460902_A,0.0
rs6460901_T,0.0
rs2043539_A,0.0
rs10278257_T,0.0
rs10234805_C,0.0
rs12699324_C,0.0
rs12699323_C,0.0
rs3800847_A,0.0
rs12669919_A,0.0
rs7808568_C,0.0
rs2302633_T,0.0
rs2302634_A,0.0
rs2302635_A,0.0
rs3815535_A,0.0
rs12668625_A,0.0
rs12699333_T,0.0
rs12699332_T,0.0
rs13237518_A,0.0
rs13237715_C,0.0
rs3173615_G,0.0
rs5011436_C,0.0
rs7804433_A,0.0
rs5011432_C,0.0
rs5011431_A,0.0
rs13230513_A,0.0
rs28549831_T,0.0
rs13229988_G,0.0
rs7809700_A,0.0
rs7792410_C,0.0
rs4721061_C,0.0
rs4721060_A,0.0
rs4721059_C,0.0
rs4721058_T,0.0
rs4721057_G,0.0
rs7804736_T,0.0
rs7804234_G,0.0
rs5011434_T,0.0
rs4724452_A,0.0
rs7777063_G,0.0
rs10258544_G,0.0
rs6463314_C,0.0
rs6463311_G,0.0
rs4724450_G,0.0
rs6463310_C,0.0
rs76744157_A,0.0
rs185838615_A,0.0
rs6463928_A,0.0
rs10952168_G,0.0
rs6959291_A,0.0
rs10155977_A,0.0
rs6460900_G,0.0
rs4257937_G,0.0
rs4461805_A,0.0
rs7781047_A,0.0
rs2304361_T,0.0
rs2304360_T,0.0
rs2304359_A,0.0
rs10237660_T,0.0
rs1865348_G,0.0
rs4294092_G,0.0
rs3890492_C,0.0
rs3814481_A,0.0
rs3814480_A,0.0
rs57984014_G,0.0
rs3824072_T,0.0
rs4285398_A,0.0
rs6460899_C,0.0
rs6460897_G,0.0
rs6460896_A,0.0
rs3807865_A,0.0
rs3807866_A,0.0
rs13236676_A,0.0
rs13236675_C,0.0
rs10275238_C,0.0
rs3801045_T,0.0
rs4367443_C,0.0
rs4538779_G,0.0
rs6970161_T,0.0
rs4236379_G,0.0
rs4427074_G,0.0
rs7791896_T,0.0
rs7800465_G,0.0
rs3801043_C,0.0
rs4433032_G,0.0
rs4448169_G,0.0
rs4720528_G,0.0
rs6952562_G,0.0
rs4410810_G,0.0
rs7802384_A,0.0
rs4446651_C,0.0
rs4526271_A,0.0
rs8180839_G,0.0
rs4478482_G,0.0
rs6961379_C,0.0
rs4530926_T,0.0
rs12358692_C,0.0
rs113111379_T,0.0
rs7920721_G,0.0
rs11257240_G,0.0
rs2011704_C,0.0
rs77892763_T,0.0
rs11257227_G,0.0
rs1361151_A,0.0
rs11255644_G,0.0
rs7919001_C,0.0
rs2249445_A,0.0
rs12775090_A,0.0
rs10981525_A,0.0
rs866500_A,0.0
rs111299125_A,0.0
rs2076810_T,0.0
rs1808749_A,0.0
rs61478314_T,0.0
rs75425029_G,0.0
rs57866297_G,0.0
rs79784811_T,0.0
rs144536883_A,0.0
rs28468656_G,0.0
rs16908779_G,0.0
rs7849306_C,0.0
rs10992626_C,0.0
rs9695137_A,0.0
rs79373229_A,0.0
rs12572724_A,0.0
rs4948364_C,0.0
rs1913512_C,0.0
rs2090121_G,0.0
rs1913514_T,0.0
rs721991_C,0.0
rs721992_T,0.0
rs4387309_A,0.0
rs1877796_T,0.0
rs112400228_G,0.0
rs111241979_T,0.0
rs11004185_T,0.0
rs7078086_A,0.0
rs11257242_C,0.0
rs3121323_A,0.0
rs2796575_G,0.0
rs2795507_T,0.0
rs2795501_G,0.0
rs2795531_T,0.0
rs2795527_T,0.0
rs947549_G,0.0
rs2744062_T,0.0
rs117285649_C,0.0
rs138324879_C,0.0
rs118008222_A,0.0
rs10764540_G,0.0
rs7078398_A,0.0
rs7068614_A,0.0
rs117826991_C,0.0
rs11786896_T,0.0
rs35139934_A,0.0
rs10105117_G,0.0
rs7831210_T,0.0
rs11998186_C,0.0
rs897148_G,0.0
rs897149_T,0.0
rs33997725_C,0.0
rs6992981_T,0.0
rs4276657_A,0.0
rs4257984_G,0.0
rs10091076_C,0.0
rs2012106_G,0.0
rs9696357_T,0.0
rs2436886_G,0.0
rs2511713_G,0.0
rs2436887_T,0.0
rs2511712_G,0.0
rs2436888_G,0.0
rs2511711_T,0.0
rs2436889_A,0.0
rs2436891_A,0.0
rs2511710_T,0.0
rs7002825_C,0.0
rs7818382_T,0.0
rs13276936_T,0.0
rs10104909_C,0.0
rs7005108_A,0.0
rs9696341_T,0.0
rs12352182_T,0.0
rs7025686_G,0.0
rs6479450_G,0.0
rs4077811_G,0.0
rs1131773_G,0.0
rs4341217_G,0.0
rs4078501_C,0.0
rs10993712_A,0.0
rs149891738_T,0.0
rs76095252_T,0.0
rs7854232_G,0.0
rs13285976_A,0.0
rs79832570_C,0.0
rs67464189_G,0.0
rs11536767_C,0.0
rs980140_G,0.0
rs10976744_C,0.0
rs10960473_T,0.0
rs10809695_C,0.0
rs10960471_A,0.0
rs10809691_T,0.0
rs10809675_A,0.0
rs4741192_C,0.0
rs7025972_C,0.0
rs34674752_A,0.0
rs60394484_A,0.0
rs61732533_A,0.0
rs10976747_T,0.0
rs10838696_A,0.0
rs2697923_G,0.0
rs2856653_T,0.0
rs11039183_A,0.0
rs11039182_C,0.0
rs7944584_T,0.0
rs7116451_A,0.0
rs749067_C,0.0
rs11039165_G,0.0
rs12802374_A,0.0
rs11039162_T,0.0
rs11606683_T,0.0
rs7944419_T,0.0
rs7069589_G,0.0
rs11039154_T,0.0
rs11039149_G,0.0
rs11988_A,0.0
rs1374720_A,0.0
rs74886865_C,0.0
rs148529310_G,0.0
rs184852197_T,0.0
rs140061043_A,0.0
rs78465164_T,0.0
rs77425046_C,0.0
rs76953845_G,0.0
rs925697_T,0.0
rs16925380_G,0.0
rs11039159_T,0.0
rs509968_G,0.0
rs1151102_G,0.0
rs663925_G,0.0
rs187900482_G,0.0
rs12287076_G,0.0
rs7104036_G,0.0
rs7103648_G,0.0
rs4434960_T,0.0
rs12292911_A,0.0
rs10838709_T,0.0
rs2293576_A,0.0
rs10742802_G,0.0
rs11039225_A,0.0
rs34937994_T,0.0
rs11039221_T,0.0
rs61897431_C,0.0
rs10838705_A,0.0
rs10769264_T,0.0
rs1534576_T,0.0
rs10769263_C,0.0
rs1377416_T,0.0
rs10838702_T,0.0
rs35032070_A,0.0
rs11606287_A,0.0
rs3758675_A,0.0
rs2278890_A,0.0
rs896817_T,0.0
rs10437655_A,0.0
rs7947450_A,0.0
rs2421016_T,0.0
rs6585827_A,0.0
rs11200609_C,0.0
rs11200608_C,0.0
rs2421021_G,0.0
rs4146894_T,0.0
rs5013920_A,0.0
rs10788284_C,0.0
rs11200606_T,0.0
rs2421017_G,0.0
rs11200604_A,0.0
rs11200595_C,0.0
rs11200594_T,0.0
rs16925378_G,0.0
rs2901307_T,0.0
rs56029211_C,0.0
rs181019905_A,0.0
rs2342812_A,0.0
rs137983773_A,0.0
rs147903855_T,0.0
rs7085274_A,0.0
rs1171832_G,0.0
rs1171830_A,0.0
rs1171814_T,0.0
rs2440907_T,0.0
rs1684901_A,0.0
rs1664256_T,0.0
rs10509112_T,0.0
rs71486610_C,0.0
rs57019855_C,0.0
rs76942646_T,0.0
rs78068662_T,0.0
rs113393178_A,0.0
rs115901547_A,0.0
rs112746730_A,0.0
rs74815191_G,0.0
rs137960143_T,0.0
rs35576272_A,0.0
rs12261656_T,0.0
rs113159119_A,0.0
rs113975468_C,0.0
rs113676983_T,0.0
rs7097701_C,0.0
rs1473610_A,0.0
rs111727082_T,0.0
rs113840301_A,0.0
rs11200629_G,0.0
rs7072204_G,0.0
rs2280141_G,0.0
rs2292626_T,0.0
rs10887151_T,0.0
rs10887150_A,0.0
rs4311997_T,0.0
rs11200621_G,0.0
rs4612730_A,0.0
rs7908662_G,0.0
rs7079976_G,0.0
rs111687878_G,0.0
rs12540656_G,0.0
rs62472729_C,0.0
rs11771145_A,0.0
rs75045569_G,0.0
rs11767557_C,0.0
rs11763230_T,0.0
rs11762262_T,0.0
rs12703524_A,0.0
rs3935067_C,0.0
rs56402156_A,0.0
rs4726618_T,0.0
rs10808026_A,0.0
rs7791765_G,0.0
rs4735336_G,0.0
rs2242601_G,0.0
rs3812406_T,0.0
rs1131885_C,0.0
rs77283277_A,0.0
rs6464548_T,0.0
rs6464547_A,0.0
rs78059273_G,0.0
rs3778775_T,0.0
rs9641854_T,0.0
rs9656383_A,0.0
rs7807898_A,0.0
rs6467259_T,0.0
rs62489295_A,0.0
rs35251323_G,0.0
rs11990443_C,0.0
rs2972180_A,0.0
rs2977182_C,0.0
rs2957061_A,0.0
rs4433174_T,0.0
rs2957059_C,0.0
rs2972183_G,0.0
rs9768425_C,0.0
rs58270521_T,0.0
rs34910453_T,0.0
rs34465195_G,0.0
rs13311791_C,0.0
rs12703529_T,0.0
rs4726621_C,0.0
rs34989731_A,0.0
rs35323529_G,0.0
rs9640386_G,0.0
rs9640385_C,0.0
rs9640384_C,0.0
rs62474772_T,0.0
rs55881450_C,0.0
rs62474771_C,0.0
rs55697090_A,0.0
rs4726623_A,0.0
rs4726622_A,0.0
rs62472731_A,0.0
rs56272015_A,0.0
rs62472730_A,0.0
rs7788088_G,0.0
rs35146386_A,0.0
rs13235951_T,0.0
rs6971558_A,0.0
rs34183059_G,0.0
rs4727455_A,0.0
rs55773945_T,0.0
rs3807475_A,0.0
rs6465770_C,0.0
rs5015756_T,0.0
rs5015755_T,0.0
rs60738304_A,0.0
rs34919929_G,0.0
rs1476679_C,0.0
rs10254366_A,0.0
rs2906657_C,0.0
rs10255133_A,0.0
rs1859788_A,0.0
rs2405442_T,0.0
rs13236234_C,0.0
rs13246354_T,0.0
rs34893607_A,0.0
rs13228694_T,0.0
rs35305377_G,0.0
rs7384878_C,0.0
rs36033613_C,0.0
rs6979218_C,0.0
rs34857299_A,0.0
rs13240468_A,0.0
rs34995835_T,0.0
rs10270813_T,0.0
rs10236959_T,0.0
rs10255458_A,0.0
rs2018797_A,0.0
rs10260508_A,0.0
rs7795194_A,0.0
rs28561385_C,0.0
rs3807875_G,0.0
rs2158412_G,0.0
rs7794181_T,0.0
rs59848485_T,0.0
rs17136882_G,0.0
rs76829957_G,0.0
rs12539172_T,0.0
rs34429042_G,0.0
rs34597772_T,0.0
rs149676605_C,0.0
rs2437104_C,0.0
rs2466165_C,0.0
rs2437101_A,0.0
rs41295942_T,0.0
rs11761260_A,0.0
rs909152_T,0.0
rs11760595_C,0.0
rs2734897_A,0.0
rs11773620_A,0.0
rs11765024_G,0.0
rs73405382_G,0.0
rs11975268_G,0.0
rs569214_T,0.0
rs576748_A,0.0
rs499046_T,0.0
rs495150_G,0.0
rs507341_C,0.0
rs1073742_A,0.0
rs1073743_A,0.0
rs2582367_C,0.0
rs518317_G,0.0
rs492638_T,0.0
rs520186_A,0.0
rs484377_C,0.0
rs569205_T,0.0
rs74301671_A,0.0
rs4732732_A,0.0
rs11136001_T,0.0
rs536332_G,0.0
rs504038_T,0.0
rs1982229_T,0.0
rs9331888_G,0.0
rs867230_C,0.0
rs2070926_C,0.0
rs9331896_C,0.0
rs1532278_T,0.0
rs1532277_T,0.0
rs1532276_T,0.0
rs11787077_T,0.0
rs538181_G,0.0
rs72665992_G,0.0
rs374974_G,0.0
rs446337_G,0.0
rs399380_C,0.0
rs79459444_A,0.0
rs79818205_C,0.0
rs148218343_T,0.0
rs141180467_A,0.0
rs10429298_A,0.0
rs10429297_A,0.0
rs2685372_T,0.0
rs77422482_C,0.0
rs141132113_G,0.0
rs491672_G,0.0
rs74914988_G,0.0
rs76464628_G,0.0
rs79461667_T,0.0
rs117606656_G,0.0
rs55680837_C,0.0
rs17384485_T,0.0
rs35112405_T,0.0
rs12542107_A,0.0
rs12549671_G,0.0
rs17467992_A,0.0
rs138529507_C,0.0
rs530324_G,0.0
rs485902_C,0.0
rs492587_C,0.0
rs79277406_G,0.0
rs2565045_C,0.0
rs2741342_T,0.0
rs34181358_A,0.0
rs79145239_T,0.0
rs71519635_C,0.0
rs13265352_T,0.0
rs6557994_C,0.0
rs12679874_G,0.0
rs17447007_G,0.0
rs17057051_G,0.0
rs755951_C,0.0
rs17368415_A,0.0
rs13266887_C,0.0
rs4236673_A,0.0
rs73223431_T,0.0
rs10097651_T,0.0
rs10102753_T,0.0
rs13282373_A,0.0
rs10109834_C,0.0
rs2322599_A,0.0
rs7817464_G,0.0
rs6987305_A,0.0
rs4534095_G,0.0
rs28834970_C,0.0
rs36057699_A,0.0
rs35575787_T,0.0
rs35135015_A,0.0
rs10105956_A,0.0
rs17057043_A,0.0
rs11136000_T,0.0
rs9331908_T,0.0
rs7982_A,0.0
rs9331916_T,0.0
rs4732729_A,0.0
rs9331928_C,0.0
rs2279590_T,0.0
rs7817366_G,0.0
rs17057438_A,0.0
rs7012217_C,0.0
rs6983452_T,0.0
rs4732728_G,0.0
rs7831810_G,0.0
rs2565067_A,0.0
rs2640724_A,0.0
rs7341557_A,0.0
rs2291635_A,0.0
rs68012375_G,0.0
rs4149256_C,0.0
rs2269461_T,0.0
rs35889509_G,0.0
rs7357432_C,0.0
rs34181437_T,0.0
rs751141_A,0.0
rs2322721_G,0.0
rs34476881_C,0.0
rs35505579_T,0.0
rs71519637_T,0.0
rs1316801_T,0.0
rs17202759_G,0.0
rs17209126_C,0.0
rs17209119_A,0.0
rs17209112_C,0.0
rs28732235_A,0.0
rs28732234_T,0.0
rs13207140_C,0.0
rs28732232_T,0.0
rs28732231_G,0.0
rs28732230_A,0.0
rs28732229_T,0.0
rs28732226_C,0.0
rs28732225_C,0.0
rs7754282_C,0.0
rs28732224_T,0.0
rs28732223_G,0.0
rs28732222_C,0.0
rs28732220_C,0.0
rs28732219_G,0.0
rs28732218_C,0.0
rs28732217_G,0.0
rs28895220_T,0.0
rs28895219_C,0.0
rs9268829_G,0.0
rs74732642_G,0.0
rs79464894_T,0.0
rs9268828_G,0.0
rs76724891_G,0.0
rs9268969_T,0.0
rs9268965_A,0.0
rs2395185_T,0.0
rs113585425_C,0.0
rs9268923_T,0.0
rs28377518_T,0.0
rs9268912_C,0.0
rs9268906_G,0.0
rs9268905_C,0.0
rs9268888_G,0.0
rs9268881_T,0.0
rs35458464_G,0.0
rs9268877_A,0.0
rs9268833_T,0.0
rs9268864_A,0.0
rs9268863_A,0.0
rs9268860_T,0.0
rs9268858_C,0.0
rs12527323_A,0.0
rs9268853_C,0.0
rs9268852_A,0.0
rs9268849_T,0.0
rs9268848_G,0.0
rs72843939_C,0.0
rs9791280_C,0.0
rs9791337_T,0.0
rs17209133_G,0.0
rs17202773_C,0.0
rs13193827_A,0.0
rs28895189_C,0.0
rs28895188_A,0.0
rs28895187_A,0.0
rs9268811_T,0.0
rs9268810_T,0.0
rs9268809_C,0.0
rs9268808_T,0.0
rs13220667_G,0.0
rs13220657_T,0.0
rs13206273_C,0.0
rs13206262_C,0.0
rs13220531_T,0.0
rs13220485_A,0.0
rs113041772_C,0.0
rs28895172_G,0.0
rs28895171_A,0.0
rs28895170_A,0.0
rs28895169_G,0.0
rs28895168_G,0.0
rs28895167_T,0.0
rs28895166_T,0.0
rs28895158_C,0.0
rs28895157_G,0.0
rs13215827_T,0.0
rs13212453_G,0.0
rs28895156_A,0.0
rs28895155_A,0.0
rs13220234_T,0.0
rs28895214_A,0.0
rs28895213_A,0.0
rs28895212_C,0.0
rs28895211_T,0.0
rs28895210_G,0.0
rs28895209_C,0.0
rs28895208_G,0.0
rs28895207_A,0.0
rs6457592_T,0.0
rs13198660_G,0.0
rs13198784_A,0.0
rs7748825_C,0.0
rs13198439_G,0.0
rs9268814_G,0.0
rs7748085_G,0.0
rs13198610_T,0.0
rs7748310_A,0.0
rs35302878_C,0.0
rs13195258_T,0.0
rs13194925_G,0.0
rs28895205_G,0.0
rs13210879_C,0.0
rs28895201_T,0.0
rs28895200_A,0.0
rs7743662_A,0.0
rs28895198_C,0.0
rs28895197_T,0.0
rs28895190_A,0.0
rs13198543_T,0.0
rs9270842_C,0.0
rs2647062_C,0.0
rs9270839_A,0.0
rs9270836_A,0.0
rs34039593_G,0.0
rs9270833_T,0.0
rs2516051_T,0.0
rs9270827_C,0.0
rs9270824_T,0.0
rs9270823_C,0.0
rs9270817_A,0.0
rs9270816_T,0.0
rs9270813_C,0.0
rs9268970_A,0.0
rs28605404_G,0.0
rs9270809_G,0.0
rs9270805_T,0.0
rs9270774_G,0.0
rs28752501_A,0.0
rs9270732_C,0.0
rs28752490_A,0.0
rs9270716_A,0.0
rs111665670_A,0.0
rs9270677_T,0.0
rs2760985_A,0.0
rs9270664_G,0.0
rs9270650_C,0.0
rs477515_A,0.0
rs9270921_C,0.0
rs9270920_C,0.0
rs9270919_G,0.0
rs9270918_G,0.0
rs9270909_A,0.0
rs4382332_C,0.0
rs9270908_G,0.0
rs9270907_C,0.0
rs9270906_T,0.0
rs585305_T,0.0
rs9270902_A,0.0
rs17425622_C,0.0
rs28409699_T,0.0
rs72847591_T,0.0
rs2647066_T,0.0
rs9270866_G,0.0
rs9270865_G,0.0
rs9270859_T,0.0
rs9270856_A,0.0
rs9270854_A,0.0
rs9270853_G,0.0
rs9270852_G,0.0
rs9270850_G,0.0
rs9270849_C,0.0
rs9270848_C,0.0
rs9270847_G,0.0
rs9270845_T,0.0
rs9270844_T,0.0
rs9270874_G,0.0
rs9270568_G,0.0
rs34928543_C,0.0
rs35118762_T,0.0
rs34212923_C,0.0
rs34415150_G,0.0
rs34496598_T,0.0
rs34924558_T,0.0
rs35472547_T,0.0
rs9270537_T,0.0
rs9270505_A,0.0
rs114335056_G,0.0
rs9270498_A,0.0
rs9405112_A,0.0
rs9270625_C,0.0
rs13217979_T,0.0
rs35954087_T,0.0
rs5026743_G,0.0
rs67209722_C,0.0
rs9391877_T,0.0
rs34200087_A,0.0
rs9405108_T,0.0
rs12525692_T,0.0
rs12524496_C,0.0
rs9380306_G,0.0
rs35421268_T,0.0
rs9268979_T,0.0
rs9391781_C,0.0
rs17202892_A,0.0
rs7755212_C,0.0
rs9270624_G,0.0
rs9270622_C,0.0
rs28366362_C,0.0
rs28366356_T,0.0
rs28366355_G,0.0
rs28366354_G,0.0
rs28366353_G,0.0
rs28366344_C,0.0
rs28366341_C,0.0
rs17191234_C,0.0
rs28366335_G,0.0
rs28366328_G,0.0
rs34647096_A,0.0
rs28366302_C,0.0
rs35371668_T,0.0
rs28366319_A,0.0
rs35294087_G,0.0
rs34350244_T,0.0
rs35265698_G,0.0
rs9270587_T,0.0
rs9270586_G,0.0
rs35525122_A,0.0
rs9270584_C,0.0
rs28366315_T,0.0
rs9270581_C,0.0
rs35074855_G,0.0
rs9270579_A,0.0
rs9270577_A,0.0
rs9270599_G,0.0
rs2395163_C,0.0
rs9268556_C,0.0
rs4335021_T,0.0
rs9268545_C,0.0
rs55890913_C,0.0
rs9268544_A,0.0
rs28732208_T,0.0
rs72847996_A,0.0
rs9268543_T,0.0
rs9268542_G,0.0
rs4959098_A,0.0
rs9268528_G,0.0
rs9268522_T,0.0
rs13212435_T,0.0
rs9469108_T,0.0
rs17208902_T,0.0
rs9268516_T,0.0
rs9268515_C,0.0
rs9268514_A,0.0
rs3763316_T,0.0
rs3763313_C,0.0
rs17208853_C,0.0
rs3763312_A,0.0
rs3763311_T,0.0
rs3763309_A,0.0
rs9268499_A,0.0
rs9268497_A,0.0
rs9268521_C,0.0
rs9268608_T,0.0
rs9268607_G,0.0
rs9268606_A,0.0
rs9268605_A,0.0
rs4321864_A,0.0
rs4348358_A,0.0
rs7756262_A,0.0
rs7774047_A,0.0
rs9268589_A,0.0
rs17202717_T,0.0
rs9268588_G,0.0
rs9268585_G,0.0
rs9268583_G,0.0
rs2395166_C,0.0
rs9268581_A,0.0
rs9268580_C,0.0
rs9268579_A,0.0
rs9268578_G,0.0
rs2187818_T,0.0
rs3135344_C,0.0
rs28452472_A,0.0
rs2157332_T,0.0
rs35875335_C,0.0
rs28895026_C,0.0
rs9268568_A,0.0
rs6923872_A,0.0
rs34330585_C,0.0
rs12524667_T,0.0
rs9268582_T,0.0
rs41535850_A,0.0
rs41499544_G,0.0
rs72847940_A,0.0
rs72847937_G,0.0
rs67588283_G,0.0
rs72847934_C,0.0
rs67124304_A,0.0
rs72847932_T,0.0
rs68190545_G,0.0
rs72847931_T,0.0
rs35837993_G,0.0
rs35194487_T,0.0
rs35624343_A,0.0
rs9268496_A,0.0
rs3817974_C,0.0
rs67725213_G,0.0
rs67722415_G,0.0
rs111682962_T,0.0
rs17423753_A,0.0
rs77958806_A,0.0
rs79061952_C,0.0
rs78659081_C,0.0
rs17423732_C,0.0
rs17495612_C,0.0
rs1143257_A,0.0
rs62402741_A,0.0
rs17495592_G,0.0
rs3817969_T,0.0
rs9268495_T,0.0
rs9268494_C,0.0
rs9268493_A,0.0
rs9268492_G,0.0
rs3763307_T,0.0
rs9268491_G,0.0
rs3806157_G,0.0
rs3806156_T,0.0
rs3793127_T,0.0
rs3793126_G,0.0
rs2076520_T,0.0
rs2076522_C,0.0
rs2076523_C,0.0
rs41449245_G,0.0
rs2076525_C,0.0
rs3817962_A,0.0
rs3817963_C,0.0
rs3817965_G,0.0
rs3817966_C,0.0
rs9268482_T,0.0
rs2294880_G,0.0
rs2294883_A,0.0
rs72847948_T,0.0
rs9268481_G,0.0
rs9268480_T,0.0
rs17202435_A,0.0
rs28362678_A,0.0
rs28362677_T,0.0
rs2076524_G,0.0
rs28895109_C,0.0
rs28895108_G,0.0
rs28895107_C,0.0
rs111359823_C,0.0
rs28895106_A,0.0
rs28895105_C,0.0
rs6912728_T,0.0
rs28895104_C,0.0
rs28895103_A,0.0
rs28895102_A,0.0
rs28895101_T,0.0
rs28895100_G,0.0
rs13199443_G,0.0
rs17496307_T,0.0
rs13199259_T,0.0
rs9268767_C,0.0
rs13199014_C,0.0
rs13199346_T,0.0
rs13215138_G,0.0
rs28895095_A,0.0
rs28895093_A,0.0
rs28895091_G,0.0
rs9268764_C,0.0
rs28895090_G,0.0
rs28895089_T,0.0
rs9268763_T,0.0
rs28895088_A,0.0
rs9268768_T,0.0
rs13212411_T,0.0
rs2097441_C,0.0
rs2097442_A,0.0
rs28895154_G,0.0
rs28895147_G,0.0
rs28895145_C,0.0
rs28895144_G,0.0
rs28895143_G,0.0
rs9268798_C,0.0
rs28895142_C,0.0
rs28895137_A,0.0
rs28895136_C,0.0
rs28895135_G,0.0
rs6457588_C,0.0
rs28895133_C,0.0
rs28895132_A,0.0
rs28895131_C,0.0
rs9268792_G,0.0
rs13208132_A,0.0
rs13207824_G,0.0
rs13193730_C,0.0
rs28895118_A,0.0
rs13207455_A,0.0
rs9268778_T,0.0
rs28895117_T,0.0
rs28895116_T,0.0
rs28895115_A,0.0
rs28895114_C,0.0
rs28895134_T,0.0
rs9268681_A,0.0
rs28895028_A,0.0
rs9469112_T,0.0
rs28895027_C,0.0
rs9268677_A,0.0
rs9268673_T,0.0
rs28732216_A,0.0
rs3177928_A,0.0
rs13218331_C,0.0
rs16822616_A,0.0
rs17496549_T,0.0
rs9268657_A,0.0
rs9268645_G,0.0
rs28895087_A,0.0
rs3763322_A,0.0
rs9268634_A,0.0
rs9268627_C,0.0
rs2395175_A,0.0
rs4612206_T,0.0
rs9268615_A,0.0
rs9268614_G,0.0
rs9268613_T,0.0
rs7773756_C,0.0
rs7753264_G,0.0
rs960736_C,0.0
rs1987305_T,0.0
rs9268610_C,0.0
rs9268609_A,0.0
rs14004_A,0.0
rs28895086_C,0.0
rs28895085_C,0.0
rs28895081_T,0.0
rs28895080_T,0.0
rs28895078_G,0.0
rs28895076_C,0.0
rs28895075_T,0.0
rs28895074_C,0.0
rs9268759_T,0.0
rs28895070_C,0.0
rs28895067_C,0.0
rs28895061_T,0.0
rs9268693_T,0.0
rs9268682_T,0.0
rs28895031_A,0.0
rs28895030_A,0.0
rs13209059_G,0.0
rs13209045_G,0.0
rs28895029_C,0.0
rs13209234_A,0.0
rs12529093_G,0.0
rs13194556_C,0.0
rs12529078_G,0.0
rs12525707_T,0.0
rs2894256_A,0.0
rs9268687_T,0.0
rs9268685_T,0.0
rs9268684_A,0.0
rs28895032_A,0.0
rs17212553_T,0.0
rs17212525_C,0.0
rs17212518_C,0.0
rs10484561_G,0.0
rs17212504_G,0.0
rs17206147_C,0.0
rs17212483_T,0.0
rs17212469_T,0.0
rs17212462_T,0.0
rs17206119_A,0.0
rs17499411_G,0.0
rs114948848_G,0.0
rs115074443_T,0.0
rs9270922_T,0.0
rs115785636_C,0.0
rs115594945_A,0.0
rs72847158_C,0.0
rs35900855_G,0.0
rs34677551_C,0.0
rs35169534_G,0.0
rs17427445_A,0.0
rs35473146_G,0.0
rs35122881_T,0.0
rs17427431_A,0.0
rs13206018_T,0.0
rs13206007_G,0.0
rs68067315_A,0.0
rs116303320_T,0.0
rs9275365_A,0.0
rs66490218_A,0.0
rs2647045_A,0.0
rs72847174_T,0.0
rs9275360_T,0.0
rs9275358_G,0.0
rs9275338_T,0.0
rs78825896_G,0.0
rs71202902_T,0.0
rs17427564_C,0.0
rs35998847_A,0.0
rs9275333_C,0.0
rs9275331_G,0.0
rs9275312_G,0.0
rs9275328_T,0.0
rs9275327_T,0.0
rs113984677_A,0.0
rs111848638_T,0.0
rs34475663_A,0.0
rs36186647_T,0.0
rs34389498_C,0.0
rs35836258_A,0.0
rs9275319_G,0.0
rs34593937_C,0.0
rs9275318_G,0.0
rs35740559_T,0.0
rs34214702_A,0.0
rs36062941_T,0.0
rs9275330_G,0.0
rs9275149_T,0.0
rs9275144_A,0.0
rs9275140_A,0.0
rs3998180_A,0.0
rs9275134_G,0.0
rs9275132_A,0.0
rs9275122_C,0.0
rs9275121_G,0.0
rs9275111_T,0.0
rs9275110_C,0.0
rs9275108_A,0.0
rs9275107_G,0.0
rs9275100_G,0.0
rs112927854_T,0.0
rs9275074_C,0.0
rs9275072_T,0.0
rs3134996_A,0.0
rs34984116_A,0.0
rs3828793_T,0.0
rs3828790_T,0.0
rs3828789_G,0.0
rs9274573_C,0.0
rs67147537_A,0.0
rs1049059_G,0.0
rs1063355_T,0.0
rs6689_G,0.0
rs9273374_A,0.0
rs9275077_C,0.0
rs114169440_A,0.0
rs147804272_T,0.0
rs79870097_C,0.0
rs72844343_T,0.0
rs35472814_C,0.0
rs72844311_T,0.0
rs35725597_T,0.0
rs9469220_G,0.0
rs12528622_A,0.0
rs35282906_A,0.0
rs13194877_A,0.0
rs2856683_G,0.0
rs2856688_T,0.0
rs9275150_G,0.0
rs9275182_T,0.0
rs9275171_G,0.0
rs12528368_C,0.0
rs12526612_A,0.0
rs2856691_A,0.0
rs2856692_G,0.0
rs4947342_A,0.0
rs3021059_T,0.0
rs9275152_C,0.0
rs6457615_C,0.0
rs6457614_G,0.0
rs3021060_C,0.0
rs3021061_G,0.0
rs3021062_T,0.0
rs9275183_G,0.0
rs4715018_C,0.0
rs9369695_A,0.0
rs9369693_C,0.0
rs9381563_C,0.0
rs9473117_C,0.0
rs9381562_A,0.0
rs7740963_T,0.0
rs1931833_A,0.0
rs6926479_T,0.0
rs7774615_A,0.0
rs9395260_T,0.0
rs9395259_C,0.0
rs12173608_A,0.0
rs9275373_A,0.0
rs2184397_A,0.0
rs2151983_C,0.0
rs9367278_T,0.0
rs9381559_G,0.0
rs9395255_A,0.0
rs9357539_A,0.0
rs7745848_T,0.0
rs13207334_G,0.0
rs9369686_T,0.0
rs6934355_C,0.0
rs74960871_A,0.0
rs76680627_G,0.0
rs9462689_G,0.0
rs7745601_T,0.0
rs9296564_G,0.0
rs7749167_A,0.0
rs6913202_G,0.0
rs9296561_A,0.0
rs10948363_G,0.0
rs7767350_T,0.0
rs7749271_C,0.0
rs4715025_G,0.0
rs9473126_G,0.0
rs1872505_G,0.0
rs4711880_G,0.0
rs9463335_A,0.0
rs9473123_A,0.0
rs1931837_T,0.0
rs12214064_T,0.0
rs7738044_G,0.0
rs9395262_C,0.0
rs9349409_T,0.0
rs6931478_A,0.0
rs4711878_G,0.0
rs9349407_C,0.0
rs9296559_C,0.0
rs9296558_T,0.0
rs9473119_A,0.0
rs9367279_G,0.0
rs4715019_A,0.0
rs1004173_T,0.0
rs9381564_G,0.0
rs9473122_T,0.0
rs9275599_T,0.0
rs3957148_G,0.0
rs67373575_T,0.0
rs3998159_C,0.0
rs2858331_G,0.0
rs28715209_A,0.0
rs111944102_A,0.0
rs10947332_A,0.0
rs34709043_C,0.0
rs34388057_T,0.0
rs17206378_T,0.0
rs35472821_C,0.0
rs112214454_G,0.0
rs1872245_T,0.0
rs35030589_A,0.0
rs4568494_G,0.0
rs17499655_T,0.0
rs28451714_T,0.0
rs1794275_A,0.0
rs13192471_C,0.0
rs34492195_A,0.0
rs35120848_T,0.0
rs66709408_T,0.0
rs35406540_G,0.0
rs115675626_A,0.0
rs76901383_C,0.0
rs9275383_T,0.0
rs9275382_C,0.0
rs77801483_G,0.0
rs3997700_A,0.0
rs6916710_T,0.0
rs3800342_G,0.0
rs2093395_C,0.0
rs2093396_A,0.0
rs9381040_T,0.0
rs9357347_C,0.0
rs9394764_C,0.0
rs79485747_T,0.0
rs1042116_A,0.0
rs115360810_G,0.0
rs2856993_C,0.0
rs2621322_G,0.0
rs3873448_T,0.0
rs9276627_T,0.0
rs3916765_A,0.0
rs7738119_A,0.0
rs7738118_A,0.0
rs9275639_T,0.0
rs9275638_T,0.0
rs9275618_G,0.0
rs5024431_A,0.0
rs6916779_C,0.0
rs9275615_A,0.0
rs9275614_G,0.0
rs6936863_G,0.0
rs9275611_A,0.0
rs9275610_C,0.0
rs2857106_C,0.0
rs532098_A,0.0
rs9271174_C,0.0
rs9271173_A,0.0
rs9271172_C,0.0
rs532965_G,0.0
rs9271170_T,0.0
rs56245106_C,0.0
rs9271165_A,0.0
rs9271164_C,0.0
rs9271163_C,0.0
rs9271162_G,0.0
rs535852_T,0.0
rs536810_T,0.0
rs9273373_A,0.0
rs660895_G,0.0
rs9271146_A,0.0
rs9271145_C,0.0
rs9271144_G,0.0
rs9271115_C,0.0
rs9271112_T,0.0
rs9271111_G,0.0
rs9271109_T,0.0
rs9271108_G,0.0
rs647035_A,0.0
rs646984_C,0.0
rs9271101_C,0.0
rs9271100_T,0.0
rs36233210_G,0.0
rs3997871_G,0.0
rs2858861_T,0.0
rs9271252_C,0.0
rs3104419_T,0.0
rs9271247_A,0.0
rs9271246_A,0.0
rs9271242_T,0.0
rs12523808_T,0.0
rs13208027_A,0.0
rs13207945_C,0.0
rs28752510_A,0.0
rs9271213_G,0.0
rs9271212_A,0.0
rs9271176_A,0.0
rs9271210_C,0.0
rs9271205_G,0.0
rs9271202_A,0.0
rs9271201_C,0.0
rs9271200_C,0.0
rs9271198_G,0.0
rs9271194_T,0.0
rs3997868_G,0.0
rs9271193_T,0.0
rs9271192_C,0.0
rs5021726_C,0.0
rs17211356_G,0.0
rs9271182_A,0.0
rs9271178_C,0.0
rs9271211_C,0.0
rs2760994_C,0.0
rs59108952_T,0.0
rs9270988_A,0.0
rs35488182_A,0.0
rs9270985_T,0.0
rs72850021_G,0.0
rs614348_C,0.0
rs9270979_A,0.0
rs9270971_T,0.0
rs9270970_C,0.0
rs9270969_A,0.0
rs9270968_C,0.0
rs601945_G,0.0
rs9271098_T,0.0
rs9270954_C,0.0
rs9270953_C,0.0
rs9270950_T,0.0
rs9270949_T,0.0
rs9270948_C,0.0
rs9270947_G,0.0
rs9270946_G,0.0
rs9270945_A,0.0
rs9270937_A,0.0
rs28638783_A,0.0
rs9270935_A,0.0
rs9270934_G,0.0
rs9270931_A,0.0
rs9270926_C,0.0
rs36022997_C,0.0
rs9271097_C,0.0
rs9271096_A,0.0
rs36202958_T,0.0
rs35515288_C,0.0
rs9271094_G,0.0
rs36202959_G,0.0
rs9271092_A,0.0
rs9271090_T,0.0
rs9271089_T,0.0
rs9271088_A,0.0
rs9271087_C,0.0
rs9271086_T,0.0
rs481139_A,0.0
rs35752949_T,0.0
rs482044_C,0.0
rs482162_C,0.0
rs482205_G,0.0
rs9271078_C,0.0
rs643889_T,0.0
rs9271076_G,0.0
rs36233212_C,0.0
rs9271073_G,0.0
rs9271068_C,0.0
rs9271066_A,0.0
rs9271051_T,0.0
rs9271050_G,0.0
rs61670843_T,0.0
rs9270999_G,0.0
rs9271081_A,0.0
rs9271661_A,0.0
rs34411532_A,0.0
rs34947241_C,0.0
rs9271608_G,0.0
rs9271607_G,0.0
rs112396255_G,0.0
rs9271605_A,0.0
rs9271592_T,0.0
rs9271589_A,0.0
rs35014460_C,0.0
rs17599077_C,0.0
rs35399661_C,0.0
rs9271585_A,0.0
rs9271260_A,0.0
rs17533167_C,0.0
rs35062987_T,0.0
rs17533090_T,0.0
rs34629405_T,0.0
rs35826015_A,0.0
rs34342308_G,0.0
rs9271576_C,0.0
rs9271574_G,0.0
rs9271557_T,0.0
rs9271556_T,0.0
rs9271549_C,0.0
rs9271548_A,0.0
rs35142753_T,0.0
rs9271584_C,0.0
rs9273356_A,0.0
rs9273329_G,0.0
rs9273326_T,0.0
rs17612858_A,0.0
rs17612788_G,0.0
rs17612781_T,0.0
rs41269974_A,0.0
rs17612633_G,0.0
rs17612625_A,0.0
rs17843580_A,0.0
rs17843579_T,0.0
rs17612576_G,0.0
rs17843575_C,0.0
rs9271676_C,0.0
rs9273084_T,0.0
rs9272357_C,0.0
rs9272346_G,0.0
rs1391371_T,0.0
rs116029711_C,0.0
rs3104375_C,0.0
rs13207836_G,0.0
rs13193645_G,0.0
rs34217071_T,0.0
rs9271776_C,0.0
rs9271769_T,0.0
rs9271726_G,0.0
rs35675538_T,0.0
rs9271693_T,0.0
rs17843573_C,0.0
rs3129761_C,0.0
rs28872589_C,0.0
rs685810_G,0.0
rs28752526_G,0.0
rs28833508_C,0.0
rs510205_G,0.0
rs28587541_G,0.0
rs3129758_A,0.0
rs1846190_A,0.0
rs113711404_A,0.0
rs111553658_T,0.0
rs6931277_T,0.0
rs6605556_G,0.0
rs9271544_A,0.0
rs112627226_C,0.0
rs3104413_G,0.0
rs4504507_T,0.0
rs3129751_C,0.0
rs521539_A,0.0
rs522308_T,0.0
rs4530903_T,0.0
rs55873471_G,0.0
rs9271300_C,0.0
rs34471348_C,0.0
rs3997874_A,0.0
rs2395516_C,0.0
rs113195871_A,0.0
rs3997872_A,0.0
rs112270441_T,0.0
rs9271520_G,0.0
rs9271515_A,0.0
rs9271514_A,0.0
rs9271511_A,0.0
rs9271493_A,0.0
rs28535317_G,0.0
rs9271487_G,0.0
rs9271485_G,0.0
rs9271483_G,0.0
rs9271470_T,0.0
rs9271469_C,0.0
rs9271461_A,0.0
rs9271415_C,0.0
rs61523045_G,0.0
rs28589559_T,0.0
rs9271411_A,0.0
rs28383312_T,0.0
rs9271375_A,0.0
rs34822594_C,0.0
rs9271367_G,0.0
rs34053446_G,0.0
rs9271365_G,0.0
rs35150023_A,0.0
rs35637654_A,0.0
rs35040284_C,0.0
rs57425824_T,0.0
rs3104412_G,0.0
rs34032759_A,0.0
rs9271414_C,0.0
